/Users/morpheus/Desktop/bp3/IMG/center_2017_04_08_23_26_49_878.jpg,/Users/morpheus/Desktop/bp3/IMG/left_2017_04_08_23_26_49_878.jpg,/Users/morpheus/Desktop/bp3/IMG/right_2017_04_08_23_26_49_878.jpg,0,0,0,0.7525147
/Users/morpheus/Desktop/bp3/IMG/center_2017_04_08_23_26_49_954.jpg,/Users/morpheus/Desktop/bp3/IMG/left_2017_04_08_23_26_49_954.jpg,/Users/morpheus/Desktop/bp3/IMG/right_2017_04_08_23_26_49_954.jpg,0,0.1549559,0,0.8477913
/Users/morpheus/Desktop/bp3/IMG/center_2017_04_08_23_26_50_031.jpg,/Users/morpheus/Desktop/bp3/IMG/left_2017_04_08_23_26_50_031.jpg,/Users/morpheus/Desktop/bp3/IMG/right_2017_04_08_23_26_50_031.jpg,0,0.3609599,0,0.9932795
/Users/morpheus/Desktop/bp3/IMG/center_2017_04_08_23_26_50_118.jpg,/Users/morpheus/Desktop/bp3/IMG/left_2017_04_08_23_26_50_118.jpg,/Users/morpheus/Desktop/bp3/IMG/right_2017_04_08_23_26_50_118.jpg,0,0.620055,0,1.600376
/Users/morpheus/Desktop/bp3/IMG/center_2017_04_08_23_26_50_200.jpg,/Users/morpheus/Desktop/bp3/IMG/left_2017_04_08_23_26_50_200.jpg,/Users/morpheus/Desktop/bp3/IMG/right_2017_04_08_23_26_50_200.jpg,0,0.8666459,0,2.372335
/Users/morpheus/Desktop/bp3/IMG/center_2017_04_08_23_26_50_269.jpg,/Users/morpheus/Desktop/bp3/IMG/left_2017_04_08_23_26_50_269.jpg,/Users/morpheus/Desktop/bp3/IMG/right_2017_04_08_23_26_50_269.jpg,0,1,0,3.302392
/Users/morpheus/Desktop/bp3/IMG/center_2017_04_08_23_26_50_338.jpg,/Users/morpheus/Desktop/bp3/IMG/left_2017_04_08_23_26_50_338.jpg,/Users/morpheus/Desktop/bp3/IMG/right_2017_04_08_23_26_50_338.jpg,0,1,0,4.008797
/Users/morpheus/Desktop/bp3/IMG/center_2017_04_08_23_26_50_408.jpg,/Users/morpheus/Desktop/bp3/IMG/left_2017_04_08_23_26_50_408.jpg,/Users/morpheus/Desktop/bp3/IMG/right_2017_04_08_23_26_50_408.jpg,0,1,0,4.942492
/Users/morpheus/Desktop/bp3/IMG/center_2017_04_08_23_26_50_483.jpg,/Users/morpheus/Desktop/bp3/IMG/left_2017_04_08_23_26_50_483.jpg,/Users/morpheus/Desktop/bp3/IMG/right_2017_04_08_23_26_50_483.jpg,0,1,0,5.637788
/Users/morpheus/Desktop/bp3/IMG/center_2017_04_08_23_26_50_557.jpg,/Users/morpheus/Desktop/bp3/IMG/left_2017_04_08_23_26_50_557.jpg,/Users/morpheus/Desktop/bp3/IMG/right_2017_04_08_23_26_50_557.jpg,0,1,0,6.558589
/Users/morpheus/Desktop/bp3/IMG/center_2017_04_08_23_26_50_629.jpg,/Users/morpheus/Desktop/bp3/IMG/left_2017_04_08_23_26_50_629.jpg,/Users/morpheus/Desktop/bp3/IMG/right_2017_04_08_23_26_50_629.jpg,0,1,0,7.472229
/Users/morpheus/Desktop/bp3/IMG/center_2017_04_08_23_26_50_701.jpg,/Users/morpheus/Desktop/bp3/IMG/left_2017_04_08_23_26_50_701.jpg,/Users/morpheus/Desktop/bp3/IMG/right_2017_04_08_23_26_50_701.jpg,0,1,0,8.152802
/Users/morpheus/Desktop/bp3/IMG/center_2017_04_08_23_26_50_769.jpg,/Users/morpheus/Desktop/bp3/IMG/left_2017_04_08_23_26_50_769.jpg,/Users/morpheus/Desktop/bp3/IMG/right_2017_04_08_23_26_50_769.jpg,0,1,0,9.054044
/Users/morpheus/Desktop/bp3/IMG/center_2017_04_08_23_26_50_857.jpg,/Users/morpheus/Desktop/bp3/IMG/left_2017_04_08_23_26_50_857.jpg,/Users/morpheus/Desktop/bp3/IMG/right_2017_04_08_23_26_50_857.jpg,-0.1,1,0,9.945915
/Users/morpheus/Desktop/bp3/IMG/center_2017_04_08_23_26_50_928.jpg,/Users/morpheus/Desktop/bp3/IMG/left_2017_04_08_23_26_50_928.jpg,/Users/morpheus/Desktop/bp3/IMG/right_2017_04_08_23_26_50_928.jpg,-0.06838202,1,0,10.82644
/Users/morpheus/Desktop/bp3/IMG/center_2017_04_08_23_26_50_997.jpg,/Users/morpheus/Desktop/bp3/IMG/left_2017_04_08_23_26_50_997.jpg,/Users/morpheus/Desktop/bp3/IMG/right_2017_04_08_23_26_50_997.jpg,0,1,0,11.58447
/Users/morpheus/Desktop/bp3/IMG/center_2017_04_08_23_26_51_065.jpg,/Users/morpheus/Desktop/bp3/IMG/left_2017_04_08_23_26_51_065.jpg,/Users/morpheus/Desktop/bp3/IMG/right_2017_04_08_23_26_51_065.jpg,0,1,0,12.39907
/Users/morpheus/Desktop/bp3/IMG/center_2017_04_08_23_26_51_133.jpg,/Users/morpheus/Desktop/bp3/IMG/left_2017_04_08_23_26_51_133.jpg,/Users/morpheus/Desktop/bp3/IMG/right_2017_04_08_23_26_51_133.jpg,0,1,0,13.03685
/Users/morpheus/Desktop/bp3/IMG/center_2017_04_08_23_26_51_220.jpg,/Users/morpheus/Desktop/bp3/IMG/left_2017_04_08_23_26_51_220.jpg,/Users/morpheus/Desktop/bp3/IMG/right_2017_04_08_23_26_51_220.jpg,0,1,0,13.81338
/Users/morpheus/Desktop/bp3/IMG/center_2017_04_08_23_26_51_306.jpg,/Users/morpheus/Desktop/bp3/IMG/left_2017_04_08_23_26_51_306.jpg,/Users/morpheus/Desktop/bp3/IMG/right_2017_04_08_23_26_51_306.jpg,0,1,0,14.99257
/Users/morpheus/Desktop/bp3/IMG/center_2017_04_08_23_26_51_393.jpg,/Users/morpheus/Desktop/bp3/IMG/left_2017_04_08_23_26_51_393.jpg,/Users/morpheus/Desktop/bp3/IMG/right_2017_04_08_23_26_51_393.jpg,0,1,0,15.82149
/Users/morpheus/Desktop/bp3/IMG/center_2017_04_08_23_26_51_480.jpg,/Users/morpheus/Desktop/bp3/IMG/left_2017_04_08_23_26_51_480.jpg,/Users/morpheus/Desktop/bp3/IMG/right_2017_04_08_23_26_51_480.jpg,0,1,0,16.65274
/Users/morpheus/Desktop/bp3/IMG/center_2017_04_08_23_26_51_558.jpg,/Users/morpheus/Desktop/bp3/IMG/left_2017_04_08_23_26_51_558.jpg,/Users/morpheus/Desktop/bp3/IMG/right_2017_04_08_23_26_51_558.jpg,0,1,0,17.47954
/Users/morpheus/Desktop/bp3/IMG/center_2017_04_08_23_26_51_628.jpg,/Users/morpheus/Desktop/bp3/IMG/left_2017_04_08_23_26_51_628.jpg,/Users/morpheus/Desktop/bp3/IMG/right_2017_04_08_23_26_51_628.jpg,0,1,0,18.30229
/Users/morpheus/Desktop/bp3/IMG/center_2017_04_08_23_26_51_698.jpg,/Users/morpheus/Desktop/bp3/IMG/left_2017_04_08_23_26_51_698.jpg,/Users/morpheus/Desktop/bp3/IMG/right_2017_04_08_23_26_51_698.jpg,0,1,0,18.91255
/Users/morpheus/Desktop/bp3/IMG/center_2017_04_08_23_26_51_766.jpg,/Users/morpheus/Desktop/bp3/IMG/left_2017_04_08_23_26_51_766.jpg,/Users/morpheus/Desktop/bp3/IMG/right_2017_04_08_23_26_51_766.jpg,0,1,0,19.73164
/Users/morpheus/Desktop/bp3/IMG/center_2017_04_08_23_26_51_855.jpg,/Users/morpheus/Desktop/bp3/IMG/left_2017_04_08_23_26_51_855.jpg,/Users/morpheus/Desktop/bp3/IMG/right_2017_04_08_23_26_51_855.jpg,0,1,0,20.54275
/Users/morpheus/Desktop/bp3/IMG/center_2017_04_08_23_26_51_944.jpg,/Users/morpheus/Desktop/bp3/IMG/left_2017_04_08_23_26_51_944.jpg,/Users/morpheus/Desktop/bp3/IMG/right_2017_04_08_23_26_51_944.jpg,0,1,0,21.5474
/Users/morpheus/Desktop/bp3/IMG/center_2017_04_08_23_26_52_012.jpg,/Users/morpheus/Desktop/bp3/IMG/left_2017_04_08_23_26_52_012.jpg,/Users/morpheus/Desktop/bp3/IMG/right_2017_04_08_23_26_52_012.jpg,0,1,0,22.14296
/Users/morpheus/Desktop/bp3/IMG/center_2017_04_08_23_26_52_081.jpg,/Users/morpheus/Desktop/bp3/IMG/left_2017_04_08_23_26_52_081.jpg,/Users/morpheus/Desktop/bp3/IMG/right_2017_04_08_23_26_52_081.jpg,0,1,0,22.73697
/Users/morpheus/Desktop/bp3/IMG/center_2017_04_08_23_26_52_149.jpg,/Users/morpheus/Desktop/bp3/IMG/left_2017_04_08_23_26_52_149.jpg,/Users/morpheus/Desktop/bp3/IMG/right_2017_04_08_23_26_52_149.jpg,0,1,0,23.52135
/Users/morpheus/Desktop/bp3/IMG/center_2017_04_08_23_26_52_217.jpg,/Users/morpheus/Desktop/bp3/IMG/left_2017_04_08_23_26_52_217.jpg,/Users/morpheus/Desktop/bp3/IMG/right_2017_04_08_23_26_52_217.jpg,0,1,0,24.10513
/Users/morpheus/Desktop/bp3/IMG/center_2017_04_08_23_26_52_288.jpg,/Users/morpheus/Desktop/bp3/IMG/left_2017_04_08_23_26_52_288.jpg,/Users/morpheus/Desktop/bp3/IMG/right_2017_04_08_23_26_52_288.jpg,0,1,0,24.87872
/Users/morpheus/Desktop/bp3/IMG/center_2017_04_08_23_26_52_359.jpg,/Users/morpheus/Desktop/bp3/IMG/left_2017_04_08_23_26_52_359.jpg,/Users/morpheus/Desktop/bp3/IMG/right_2017_04_08_23_26_52_359.jpg,0,1,0,25.45478
/Users/morpheus/Desktop/bp3/IMG/center_2017_04_08_23_26_52_430.jpg,/Users/morpheus/Desktop/bp3/IMG/left_2017_04_08_23_26_52_430.jpg,/Users/morpheus/Desktop/bp3/IMG/right_2017_04_08_23_26_52_430.jpg,0,1,0,26.21737
/Users/morpheus/Desktop/bp3/IMG/center_2017_04_08_23_26_52_500.jpg,/Users/morpheus/Desktop/bp3/IMG/left_2017_04_08_23_26_52_500.jpg,/Users/morpheus/Desktop/bp3/IMG/right_2017_04_08_23_26_52_500.jpg,0,1,0,26.7853
/Users/morpheus/Desktop/bp3/IMG/center_2017_04_08_23_26_52_567.jpg,/Users/morpheus/Desktop/bp3/IMG/left_2017_04_08_23_26_52_567.jpg,/Users/morpheus/Desktop/bp3/IMG/right_2017_04_08_23_26_52_567.jpg,-0.15,1,0,27.52831
/Users/morpheus/Desktop/bp3/IMG/center_2017_04_08_23_26_52_655.jpg,/Users/morpheus/Desktop/bp3/IMG/left_2017_04_08_23_26_52_655.jpg,/Users/morpheus/Desktop/bp3/IMG/right_2017_04_08_23_26_52_655.jpg,-0.35,1,0,28.20583
/Users/morpheus/Desktop/bp3/IMG/center_2017_04_08_23_26_52_724.jpg,/Users/morpheus/Desktop/bp3/IMG/left_2017_04_08_23_26_52_724.jpg,/Users/morpheus/Desktop/bp3/IMG/right_2017_04_08_23_26_52_724.jpg,-0.4622818,1,0,28.81673
/Users/morpheus/Desktop/bp3/IMG/center_2017_04_08_23_26_52_791.jpg,/Users/morpheus/Desktop/bp3/IMG/left_2017_04_08_23_26_52_791.jpg,/Users/morpheus/Desktop/bp3/IMG/right_2017_04_08_23_26_52_791.jpg,-0.2594699,1,0,29.35054
/Users/morpheus/Desktop/bp3/IMG/center_2017_04_08_23_26_52_879.jpg,/Users/morpheus/Desktop/bp3/IMG/left_2017_04_08_23_26_52_879.jpg,/Users/morpheus/Desktop/bp3/IMG/right_2017_04_08_23_26_52_879.jpg,0,1,0,30.08098
/Users/morpheus/Desktop/bp3/IMG/center_2017_04_08_23_26_52_967.jpg,/Users/morpheus/Desktop/bp3/IMG/left_2017_04_08_23_26_52_967.jpg,/Users/morpheus/Desktop/bp3/IMG/right_2017_04_08_23_26_52_967.jpg,0,1,0,30.18942
/Users/morpheus/Desktop/bp3/IMG/center_2017_04_08_23_26_53_035.jpg,/Users/morpheus/Desktop/bp3/IMG/left_2017_04_08_23_26_53_035.jpg,/Users/morpheus/Desktop/bp3/IMG/right_2017_04_08_23_26_53_035.jpg,0,1,0,30.19007
/Users/morpheus/Desktop/bp3/IMG/center_2017_04_08_23_26_53_105.jpg,/Users/morpheus/Desktop/bp3/IMG/left_2017_04_08_23_26_53_105.jpg,/Users/morpheus/Desktop/bp3/IMG/right_2017_04_08_23_26_53_105.jpg,0.1,1,0,30.18626
/Users/morpheus/Desktop/bp3/IMG/center_2017_04_08_23_26_53_174.jpg,/Users/morpheus/Desktop/bp3/IMG/left_2017_04_08_23_26_53_174.jpg,/Users/morpheus/Desktop/bp3/IMG/right_2017_04_08_23_26_53_174.jpg,0.25,1,0,30.17291
/Users/morpheus/Desktop/bp3/IMG/center_2017_04_08_23_26_53_242.jpg,/Users/morpheus/Desktop/bp3/IMG/left_2017_04_08_23_26_53_242.jpg,/Users/morpheus/Desktop/bp3/IMG/right_2017_04_08_23_26_53_242.jpg,0.4,1,0,30.15605
/Users/morpheus/Desktop/bp3/IMG/center_2017_04_08_23_26_53_310.jpg,/Users/morpheus/Desktop/bp3/IMG/left_2017_04_08_23_26_53_310.jpg,/Users/morpheus/Desktop/bp3/IMG/right_2017_04_08_23_26_53_310.jpg,0.2795579,1,0,30.18627
/Users/morpheus/Desktop/bp3/IMG/center_2017_04_08_23_26_53_378.jpg,/Users/morpheus/Desktop/bp3/IMG/left_2017_04_08_23_26_53_378.jpg,/Users/morpheus/Desktop/bp3/IMG/right_2017_04_08_23_26_53_378.jpg,0.07672799,1,0,30.19064
/Users/morpheus/Desktop/bp3/IMG/center_2017_04_08_23_26_53_447.jpg,/Users/morpheus/Desktop/bp3/IMG/left_2017_04_08_23_26_53_447.jpg,/Users/morpheus/Desktop/bp3/IMG/right_2017_04_08_23_26_53_447.jpg,0,1,0,30.18847
/Users/morpheus/Desktop/bp3/IMG/center_2017_04_08_23_26_53_517.jpg,/Users/morpheus/Desktop/bp3/IMG/left_2017_04_08_23_26_53_517.jpg,/Users/morpheus/Desktop/bp3/IMG/right_2017_04_08_23_26_53_517.jpg,0,1,0,30.1898
/Users/morpheus/Desktop/bp3/IMG/center_2017_04_08_23_26_53_585.jpg,/Users/morpheus/Desktop/bp3/IMG/left_2017_04_08_23_26_53_585.jpg,/Users/morpheus/Desktop/bp3/IMG/right_2017_04_08_23_26_53_585.jpg,0,1,0,30.19021
/Users/morpheus/Desktop/bp3/IMG/center_2017_04_08_23_26_53_657.jpg,/Users/morpheus/Desktop/bp3/IMG/left_2017_04_08_23_26_53_657.jpg,/Users/morpheus/Desktop/bp3/IMG/right_2017_04_08_23_26_53_657.jpg,0,1,0,30.19029
/Users/morpheus/Desktop/bp3/IMG/center_2017_04_08_23_26_53_726.jpg,/Users/morpheus/Desktop/bp3/IMG/left_2017_04_08_23_26_53_726.jpg,/Users/morpheus/Desktop/bp3/IMG/right_2017_04_08_23_26_53_726.jpg,0,1,0,30.19031
/Users/morpheus/Desktop/bp3/IMG/center_2017_04_08_23_26_53_795.jpg,/Users/morpheus/Desktop/bp3/IMG/left_2017_04_08_23_26_53_795.jpg,/Users/morpheus/Desktop/bp3/IMG/right_2017_04_08_23_26_53_795.jpg,0,1,0,30.19029
/Users/morpheus/Desktop/bp3/IMG/center_2017_04_08_23_26_53_865.jpg,/Users/morpheus/Desktop/bp3/IMG/left_2017_04_08_23_26_53_865.jpg,/Users/morpheus/Desktop/bp3/IMG/right_2017_04_08_23_26_53_865.jpg,-0.15,1,0,30.18405
/Users/morpheus/Desktop/bp3/IMG/center_2017_04_08_23_26_53_935.jpg,/Users/morpheus/Desktop/bp3/IMG/left_2017_04_08_23_26_53_935.jpg,/Users/morpheus/Desktop/bp3/IMG/right_2017_04_08_23_26_53_935.jpg,-0.3,1,0,30.16912
/Users/morpheus/Desktop/bp3/IMG/center_2017_04_08_23_26_54_005.jpg,/Users/morpheus/Desktop/bp3/IMG/left_2017_04_08_23_26_54_005.jpg,/Users/morpheus/Desktop/bp3/IMG/right_2017_04_08_23_26_54_005.jpg,-0.2787752,1,0,30.183
/Users/morpheus/Desktop/bp3/IMG/center_2017_04_08_23_26_54_073.jpg,/Users/morpheus/Desktop/bp3/IMG/left_2017_04_08_23_26_54_073.jpg,/Users/morpheus/Desktop/bp3/IMG/right_2017_04_08_23_26_54_073.jpg,-0.07358712,1,0,30.19096
/Users/morpheus/Desktop/bp3/IMG/center_2017_04_08_23_26_54_142.jpg,/Users/morpheus/Desktop/bp3/IMG/left_2017_04_08_23_26_54_142.jpg,/Users/morpheus/Desktop/bp3/IMG/right_2017_04_08_23_26_54_142.jpg,0,1,0,30.18864
/Users/morpheus/Desktop/bp3/IMG/center_2017_04_08_23_26_54_211.jpg,/Users/morpheus/Desktop/bp3/IMG/left_2017_04_08_23_26_54_211.jpg,/Users/morpheus/Desktop/bp3/IMG/right_2017_04_08_23_26_54_211.jpg,0,1,0,30.18993
/Users/morpheus/Desktop/bp3/IMG/center_2017_04_08_23_26_54_279.jpg,/Users/morpheus/Desktop/bp3/IMG/left_2017_04_08_23_26_54_279.jpg,/Users/morpheus/Desktop/bp3/IMG/right_2017_04_08_23_26_54_279.jpg,0.1,1,0,30.18574
/Users/morpheus/Desktop/bp3/IMG/center_2017_04_08_23_26_54_347.jpg,/Users/morpheus/Desktop/bp3/IMG/left_2017_04_08_23_26_54_347.jpg,/Users/morpheus/Desktop/bp3/IMG/right_2017_04_08_23_26_54_347.jpg,0.3,1,0,30.1668
/Users/morpheus/Desktop/bp3/IMG/center_2017_04_08_23_26_54_422.jpg,/Users/morpheus/Desktop/bp3/IMG/left_2017_04_08_23_26_54_422.jpg,/Users/morpheus/Desktop/bp3/IMG/right_2017_04_08_23_26_54_422.jpg,0.1162289,1,0,30.18986
/Users/morpheus/Desktop/bp3/IMG/center_2017_04_08_23_26_54_501.jpg,/Users/morpheus/Desktop/bp3/IMG/left_2017_04_08_23_26_54_501.jpg,/Users/morpheus/Desktop/bp3/IMG/right_2017_04_08_23_26_54_501.jpg,0,1,0,30.18894
/Users/morpheus/Desktop/bp3/IMG/center_2017_04_08_23_26_54_582.jpg,/Users/morpheus/Desktop/bp3/IMG/left_2017_04_08_23_26_54_582.jpg,/Users/morpheus/Desktop/bp3/IMG/right_2017_04_08_23_26_54_582.jpg,0,1,0,30.19004
/Users/morpheus/Desktop/bp3/IMG/center_2017_04_08_23_26_54_663.jpg,/Users/morpheus/Desktop/bp3/IMG/left_2017_04_08_23_26_54_663.jpg,/Users/morpheus/Desktop/bp3/IMG/right_2017_04_08_23_26_54_663.jpg,0,1,0,30.19024
/Users/morpheus/Desktop/bp3/IMG/center_2017_04_08_23_26_54_742.jpg,/Users/morpheus/Desktop/bp3/IMG/left_2017_04_08_23_26_54_742.jpg,/Users/morpheus/Desktop/bp3/IMG/right_2017_04_08_23_26_54_742.jpg,0,1,0,30.19029
/Users/morpheus/Desktop/bp3/IMG/center_2017_04_08_23_26_54_811.jpg,/Users/morpheus/Desktop/bp3/IMG/left_2017_04_08_23_26_54_811.jpg,/Users/morpheus/Desktop/bp3/IMG/right_2017_04_08_23_26_54_811.jpg,0,1,0,30.19032
/Users/morpheus/Desktop/bp3/IMG/center_2017_04_08_23_26_54_888.jpg,/Users/morpheus/Desktop/bp3/IMG/left_2017_04_08_23_26_54_888.jpg,/Users/morpheus/Desktop/bp3/IMG/right_2017_04_08_23_26_54_888.jpg,0,1,0,30.1903
/Users/morpheus/Desktop/bp3/IMG/center_2017_04_08_23_26_54_970.jpg,/Users/morpheus/Desktop/bp3/IMG/left_2017_04_08_23_26_54_970.jpg,/Users/morpheus/Desktop/bp3/IMG/right_2017_04_08_23_26_54_970.jpg,0,1,0,30.19035
/Users/morpheus/Desktop/bp3/IMG/center_2017_04_08_23_26_55_055.jpg,/Users/morpheus/Desktop/bp3/IMG/left_2017_04_08_23_26_55_055.jpg,/Users/morpheus/Desktop/bp3/IMG/right_2017_04_08_23_26_55_055.jpg,0,1,0,30.19029
/Users/morpheus/Desktop/bp3/IMG/center_2017_04_08_23_26_55_133.jpg,/Users/morpheus/Desktop/bp3/IMG/left_2017_04_08_23_26_55_133.jpg,/Users/morpheus/Desktop/bp3/IMG/right_2017_04_08_23_26_55_133.jpg,0,1,0,30.19028
/Users/morpheus/Desktop/bp3/IMG/center_2017_04_08_23_26_55_214.jpg,/Users/morpheus/Desktop/bp3/IMG/left_2017_04_08_23_26_55_214.jpg,/Users/morpheus/Desktop/bp3/IMG/right_2017_04_08_23_26_55_214.jpg,0,1,0,30.1903
/Users/morpheus/Desktop/bp3/IMG/center_2017_04_08_23_26_55_291.jpg,/Users/morpheus/Desktop/bp3/IMG/left_2017_04_08_23_26_55_291.jpg,/Users/morpheus/Desktop/bp3/IMG/right_2017_04_08_23_26_55_291.jpg,0,1,0,30.19029
/Users/morpheus/Desktop/bp3/IMG/center_2017_04_08_23_26_55_370.jpg,/Users/morpheus/Desktop/bp3/IMG/left_2017_04_08_23_26_55_370.jpg,/Users/morpheus/Desktop/bp3/IMG/right_2017_04_08_23_26_55_370.jpg,0,1,0,30.19031
/Users/morpheus/Desktop/bp3/IMG/center_2017_04_08_23_26_55_452.jpg,/Users/morpheus/Desktop/bp3/IMG/left_2017_04_08_23_26_55_452.jpg,/Users/morpheus/Desktop/bp3/IMG/right_2017_04_08_23_26_55_452.jpg,0,1,0,30.19027
/Users/morpheus/Desktop/bp3/IMG/center_2017_04_08_23_26_55_540.jpg,/Users/morpheus/Desktop/bp3/IMG/left_2017_04_08_23_26_55_540.jpg,/Users/morpheus/Desktop/bp3/IMG/right_2017_04_08_23_26_55_540.jpg,0,1,0,30.19031
/Users/morpheus/Desktop/bp3/IMG/center_2017_04_08_23_26_55_621.jpg,/Users/morpheus/Desktop/bp3/IMG/left_2017_04_08_23_26_55_621.jpg,/Users/morpheus/Desktop/bp3/IMG/right_2017_04_08_23_26_55_621.jpg,0,1,0,30.19031
/Users/morpheus/Desktop/bp3/IMG/center_2017_04_08_23_26_55_705.jpg,/Users/morpheus/Desktop/bp3/IMG/left_2017_04_08_23_26_55_705.jpg,/Users/morpheus/Desktop/bp3/IMG/right_2017_04_08_23_26_55_705.jpg,0,1,0,30.19029
/Users/morpheus/Desktop/bp3/IMG/center_2017_04_08_23_26_55_790.jpg,/Users/morpheus/Desktop/bp3/IMG/left_2017_04_08_23_26_55_790.jpg,/Users/morpheus/Desktop/bp3/IMG/right_2017_04_08_23_26_55_790.jpg,0,1,0,30.19028
/Users/morpheus/Desktop/bp3/IMG/center_2017_04_08_23_26_55_873.jpg,/Users/morpheus/Desktop/bp3/IMG/left_2017_04_08_23_26_55_873.jpg,/Users/morpheus/Desktop/bp3/IMG/right_2017_04_08_23_26_55_873.jpg,-0.15,1,0,30.18425
/Users/morpheus/Desktop/bp3/IMG/center_2017_04_08_23_26_55_956.jpg,/Users/morpheus/Desktop/bp3/IMG/left_2017_04_08_23_26_55_956.jpg,/Users/morpheus/Desktop/bp3/IMG/right_2017_04_08_23_26_55_956.jpg,-0.35,1,0,30.16352
/Users/morpheus/Desktop/bp3/IMG/center_2017_04_08_23_26_56_039.jpg,/Users/morpheus/Desktop/bp3/IMG/left_2017_04_08_23_26_56_039.jpg,/Users/morpheus/Desktop/bp3/IMG/right_2017_04_08_23_26_56_039.jpg,-0.497658,1,0,30.14914
/Users/morpheus/Desktop/bp3/IMG/center_2017_04_08_23_26_56_121.jpg,/Users/morpheus/Desktop/bp3/IMG/left_2017_04_08_23_26_56_121.jpg,/Users/morpheus/Desktop/bp3/IMG/right_2017_04_08_23_26_56_121.jpg,-0.2518229,1,0,30.19279
/Users/morpheus/Desktop/bp3/IMG/center_2017_04_08_23_26_56_197.jpg,/Users/morpheus/Desktop/bp3/IMG/left_2017_04_08_23_26_56_197.jpg,/Users/morpheus/Desktop/bp3/IMG/right_2017_04_08_23_26_56_197.jpg,-0.024831,1,0,30.18774
/Users/morpheus/Desktop/bp3/IMG/center_2017_04_08_23_26_56_275.jpg,/Users/morpheus/Desktop/bp3/IMG/left_2017_04_08_23_26_56_275.jpg,/Users/morpheus/Desktop/bp3/IMG/right_2017_04_08_23_26_56_275.jpg,0,1,0,30.1889
/Users/morpheus/Desktop/bp3/IMG/center_2017_04_08_23_26_56_350.jpg,/Users/morpheus/Desktop/bp3/IMG/left_2017_04_08_23_26_56_350.jpg,/Users/morpheus/Desktop/bp3/IMG/right_2017_04_08_23_26_56_350.jpg,0,1,0,30.19017
/Users/morpheus/Desktop/bp3/IMG/center_2017_04_08_23_26_56_425.jpg,/Users/morpheus/Desktop/bp3/IMG/left_2017_04_08_23_26_56_425.jpg,/Users/morpheus/Desktop/bp3/IMG/right_2017_04_08_23_26_56_425.jpg,0.15,1,0,30.18209
/Users/morpheus/Desktop/bp3/IMG/center_2017_04_08_23_26_56_501.jpg,/Users/morpheus/Desktop/bp3/IMG/left_2017_04_08_23_26_56_501.jpg,/Users/morpheus/Desktop/bp3/IMG/right_2017_04_08_23_26_56_501.jpg,0.3,1,0,30.16559
/Users/morpheus/Desktop/bp3/IMG/center_2017_04_08_23_26_56_581.jpg,/Users/morpheus/Desktop/bp3/IMG/left_2017_04_08_23_26_56_581.jpg,/Users/morpheus/Desktop/bp3/IMG/right_2017_04_08_23_26_56_581.jpg,0.137301,1,0,30.19017
/Users/morpheus/Desktop/bp3/IMG/center_2017_04_08_23_26_56_658.jpg,/Users/morpheus/Desktop/bp3/IMG/left_2017_04_08_23_26_56_658.jpg,/Users/morpheus/Desktop/bp3/IMG/right_2017_04_08_23_26_56_658.jpg,0,1,0,30.1878
/Users/morpheus/Desktop/bp3/IMG/center_2017_04_08_23_26_56_734.jpg,/Users/morpheus/Desktop/bp3/IMG/left_2017_04_08_23_26_56_734.jpg,/Users/morpheus/Desktop/bp3/IMG/right_2017_04_08_23_26_56_734.jpg,0,1,0,30.19054
/Users/morpheus/Desktop/bp3/IMG/center_2017_04_08_23_26_56_808.jpg,/Users/morpheus/Desktop/bp3/IMG/left_2017_04_08_23_26_56_808.jpg,/Users/morpheus/Desktop/bp3/IMG/right_2017_04_08_23_26_56_808.jpg,0,1,0,30.18984
/Users/morpheus/Desktop/bp3/IMG/center_2017_04_08_23_26_56_882.jpg,/Users/morpheus/Desktop/bp3/IMG/left_2017_04_08_23_26_56_882.jpg,/Users/morpheus/Desktop/bp3/IMG/right_2017_04_08_23_26_56_882.jpg,0,1,0,30.19004
/Users/morpheus/Desktop/bp3/IMG/center_2017_04_08_23_26_56_959.jpg,/Users/morpheus/Desktop/bp3/IMG/left_2017_04_08_23_26_56_959.jpg,/Users/morpheus/Desktop/bp3/IMG/right_2017_04_08_23_26_56_959.jpg,0,1,0,30.1901
/Users/morpheus/Desktop/bp3/IMG/center_2017_04_08_23_26_57_036.jpg,/Users/morpheus/Desktop/bp3/IMG/left_2017_04_08_23_26_57_036.jpg,/Users/morpheus/Desktop/bp3/IMG/right_2017_04_08_23_26_57_036.jpg,0,1,0,30.19016
/Users/morpheus/Desktop/bp3/IMG/center_2017_04_08_23_26_57_113.jpg,/Users/morpheus/Desktop/bp3/IMG/left_2017_04_08_23_26_57_113.jpg,/Users/morpheus/Desktop/bp3/IMG/right_2017_04_08_23_26_57_113.jpg,0,1,0,30.19012
/Users/morpheus/Desktop/bp3/IMG/center_2017_04_08_23_26_57_188.jpg,/Users/morpheus/Desktop/bp3/IMG/left_2017_04_08_23_26_57_188.jpg,/Users/morpheus/Desktop/bp3/IMG/right_2017_04_08_23_26_57_188.jpg,0,1,0,30.19013
/Users/morpheus/Desktop/bp3/IMG/center_2017_04_08_23_26_57_264.jpg,/Users/morpheus/Desktop/bp3/IMG/left_2017_04_08_23_26_57_264.jpg,/Users/morpheus/Desktop/bp3/IMG/right_2017_04_08_23_26_57_264.jpg,0,1,0,30.19016
/Users/morpheus/Desktop/bp3/IMG/center_2017_04_08_23_26_57_336.jpg,/Users/morpheus/Desktop/bp3/IMG/left_2017_04_08_23_26_57_336.jpg,/Users/morpheus/Desktop/bp3/IMG/right_2017_04_08_23_26_57_336.jpg,0,1,0,30.19014
/Users/morpheus/Desktop/bp3/IMG/center_2017_04_08_23_26_57_415.jpg,/Users/morpheus/Desktop/bp3/IMG/left_2017_04_08_23_26_57_415.jpg,/Users/morpheus/Desktop/bp3/IMG/right_2017_04_08_23_26_57_415.jpg,0,1,0,30.19018
/Users/morpheus/Desktop/bp3/IMG/center_2017_04_08_23_26_57_488.jpg,/Users/morpheus/Desktop/bp3/IMG/left_2017_04_08_23_26_57_488.jpg,/Users/morpheus/Desktop/bp3/IMG/right_2017_04_08_23_26_57_488.jpg,0,1,0,30.19013
/Users/morpheus/Desktop/bp3/IMG/center_2017_04_08_23_26_57_567.jpg,/Users/morpheus/Desktop/bp3/IMG/left_2017_04_08_23_26_57_567.jpg,/Users/morpheus/Desktop/bp3/IMG/right_2017_04_08_23_26_57_567.jpg,0,1,0,30.19032
/Users/morpheus/Desktop/bp3/IMG/center_2017_04_08_23_26_57_638.jpg,/Users/morpheus/Desktop/bp3/IMG/left_2017_04_08_23_26_57_638.jpg,/Users/morpheus/Desktop/bp3/IMG/right_2017_04_08_23_26_57_638.jpg,0,1,0,30.19025
/Users/morpheus/Desktop/bp3/IMG/center_2017_04_08_23_26_57_712.jpg,/Users/morpheus/Desktop/bp3/IMG/left_2017_04_08_23_26_57_712.jpg,/Users/morpheus/Desktop/bp3/IMG/right_2017_04_08_23_26_57_712.jpg,0,1,0,30.19025
/Users/morpheus/Desktop/bp3/IMG/center_2017_04_08_23_26_57_782.jpg,/Users/morpheus/Desktop/bp3/IMG/left_2017_04_08_23_26_57_782.jpg,/Users/morpheus/Desktop/bp3/IMG/right_2017_04_08_23_26_57_782.jpg,0,1,0,30.19055
/Users/morpheus/Desktop/bp3/IMG/center_2017_04_08_23_26_57_854.jpg,/Users/morpheus/Desktop/bp3/IMG/left_2017_04_08_23_26_57_854.jpg,/Users/morpheus/Desktop/bp3/IMG/right_2017_04_08_23_26_57_854.jpg,0,1,0,30.19035
/Users/morpheus/Desktop/bp3/IMG/center_2017_04_08_23_26_57_926.jpg,/Users/morpheus/Desktop/bp3/IMG/left_2017_04_08_23_26_57_926.jpg,/Users/morpheus/Desktop/bp3/IMG/right_2017_04_08_23_26_57_926.jpg,0,1,0,30.19031
/Users/morpheus/Desktop/bp3/IMG/center_2017_04_08_23_26_58_004.jpg,/Users/morpheus/Desktop/bp3/IMG/left_2017_04_08_23_26_58_004.jpg,/Users/morpheus/Desktop/bp3/IMG/right_2017_04_08_23_26_58_004.jpg,0,1,0,30.19033
/Users/morpheus/Desktop/bp3/IMG/center_2017_04_08_23_26_58_082.jpg,/Users/morpheus/Desktop/bp3/IMG/left_2017_04_08_23_26_58_082.jpg,/Users/morpheus/Desktop/bp3/IMG/right_2017_04_08_23_26_58_082.jpg,0,1,0,30.19033
/Users/morpheus/Desktop/bp3/IMG/center_2017_04_08_23_26_58_169.jpg,/Users/morpheus/Desktop/bp3/IMG/left_2017_04_08_23_26_58_169.jpg,/Users/morpheus/Desktop/bp3/IMG/right_2017_04_08_23_26_58_169.jpg,0,1,0,30.19031
/Users/morpheus/Desktop/bp3/IMG/center_2017_04_08_23_26_58_245.jpg,/Users/morpheus/Desktop/bp3/IMG/left_2017_04_08_23_26_58_245.jpg,/Users/morpheus/Desktop/bp3/IMG/right_2017_04_08_23_26_58_245.jpg,0,1,0,30.19036
/Users/morpheus/Desktop/bp3/IMG/center_2017_04_08_23_26_58_341.jpg,/Users/morpheus/Desktop/bp3/IMG/left_2017_04_08_23_26_58_341.jpg,/Users/morpheus/Desktop/bp3/IMG/right_2017_04_08_23_26_58_341.jpg,0,1,0,30.1903
/Users/morpheus/Desktop/bp3/IMG/center_2017_04_08_23_26_58_426.jpg,/Users/morpheus/Desktop/bp3/IMG/left_2017_04_08_23_26_58_426.jpg,/Users/morpheus/Desktop/bp3/IMG/right_2017_04_08_23_26_58_426.jpg,0,1,0,30.19032
/Users/morpheus/Desktop/bp3/IMG/center_2017_04_08_23_26_58_513.jpg,/Users/morpheus/Desktop/bp3/IMG/left_2017_04_08_23_26_58_513.jpg,/Users/morpheus/Desktop/bp3/IMG/right_2017_04_08_23_26_58_513.jpg,0,1,0,30.19031
/Users/morpheus/Desktop/bp3/IMG/center_2017_04_08_23_26_58_597.jpg,/Users/morpheus/Desktop/bp3/IMG/left_2017_04_08_23_26_58_597.jpg,/Users/morpheus/Desktop/bp3/IMG/right_2017_04_08_23_26_58_597.jpg,0,1,0,30.19031
/Users/morpheus/Desktop/bp3/IMG/center_2017_04_08_23_26_58_672.jpg,/Users/morpheus/Desktop/bp3/IMG/left_2017_04_08_23_26_58_672.jpg,/Users/morpheus/Desktop/bp3/IMG/right_2017_04_08_23_26_58_672.jpg,0,1,0,30.19034
/Users/morpheus/Desktop/bp3/IMG/center_2017_04_08_23_26_58_744.jpg,/Users/morpheus/Desktop/bp3/IMG/left_2017_04_08_23_26_58_744.jpg,/Users/morpheus/Desktop/bp3/IMG/right_2017_04_08_23_26_58_744.jpg,0,1,0,30.19033
/Users/morpheus/Desktop/bp3/IMG/center_2017_04_08_23_26_58_822.jpg,/Users/morpheus/Desktop/bp3/IMG/left_2017_04_08_23_26_58_822.jpg,/Users/morpheus/Desktop/bp3/IMG/right_2017_04_08_23_26_58_822.jpg,0,1,0,30.19031
/Users/morpheus/Desktop/bp3/IMG/center_2017_04_08_23_26_58_894.jpg,/Users/morpheus/Desktop/bp3/IMG/left_2017_04_08_23_26_58_894.jpg,/Users/morpheus/Desktop/bp3/IMG/right_2017_04_08_23_26_58_894.jpg,-0.2,1,0,30.17985
/Users/morpheus/Desktop/bp3/IMG/center_2017_04_08_23_26_58_965.jpg,/Users/morpheus/Desktop/bp3/IMG/left_2017_04_08_23_26_58_965.jpg,/Users/morpheus/Desktop/bp3/IMG/right_2017_04_08_23_26_58_965.jpg,-0.146952,1,0,30.18885
/Users/morpheus/Desktop/bp3/IMG/center_2017_04_08_23_26_59_035.jpg,/Users/morpheus/Desktop/bp3/IMG/left_2017_04_08_23_26_59_035.jpg,/Users/morpheus/Desktop/bp3/IMG/right_2017_04_08_23_26_59_035.jpg,0,1,0,30.18912
/Users/morpheus/Desktop/bp3/IMG/center_2017_04_08_23_26_59_109.jpg,/Users/morpheus/Desktop/bp3/IMG/left_2017_04_08_23_26_59_109.jpg,/Users/morpheus/Desktop/bp3/IMG/right_2017_04_08_23_26_59_109.jpg,0,1,0,30.19034
/Users/morpheus/Desktop/bp3/IMG/center_2017_04_08_23_26_59_185.jpg,/Users/morpheus/Desktop/bp3/IMG/left_2017_04_08_23_26_59_185.jpg,/Users/morpheus/Desktop/bp3/IMG/right_2017_04_08_23_26_59_185.jpg,0,1,0,30.1903
/Users/morpheus/Desktop/bp3/IMG/center_2017_04_08_23_26_59_269.jpg,/Users/morpheus/Desktop/bp3/IMG/left_2017_04_08_23_26_59_269.jpg,/Users/morpheus/Desktop/bp3/IMG/right_2017_04_08_23_26_59_269.jpg,0,1,0,30.19029
/Users/morpheus/Desktop/bp3/IMG/center_2017_04_08_23_26_59_358.jpg,/Users/morpheus/Desktop/bp3/IMG/left_2017_04_08_23_26_59_358.jpg,/Users/morpheus/Desktop/bp3/IMG/right_2017_04_08_23_26_59_358.jpg,0,1,0,30.19029
/Users/morpheus/Desktop/bp3/IMG/center_2017_04_08_23_26_59_428.jpg,/Users/morpheus/Desktop/bp3/IMG/left_2017_04_08_23_26_59_428.jpg,/Users/morpheus/Desktop/bp3/IMG/right_2017_04_08_23_26_59_428.jpg,0,1,0,30.1903
/Users/morpheus/Desktop/bp3/IMG/center_2017_04_08_23_26_59_499.jpg,/Users/morpheus/Desktop/bp3/IMG/left_2017_04_08_23_26_59_499.jpg,/Users/morpheus/Desktop/bp3/IMG/right_2017_04_08_23_26_59_499.jpg,0,1,0,30.19026
/Users/morpheus/Desktop/bp3/IMG/center_2017_04_08_23_26_59_577.jpg,/Users/morpheus/Desktop/bp3/IMG/left_2017_04_08_23_26_59_577.jpg,/Users/morpheus/Desktop/bp3/IMG/right_2017_04_08_23_26_59_577.jpg,0,1,0,30.19024
/Users/morpheus/Desktop/bp3/IMG/center_2017_04_08_23_26_59_656.jpg,/Users/morpheus/Desktop/bp3/IMG/left_2017_04_08_23_26_59_656.jpg,/Users/morpheus/Desktop/bp3/IMG/right_2017_04_08_23_26_59_656.jpg,0,1,0,30.19026
/Users/morpheus/Desktop/bp3/IMG/center_2017_04_08_23_26_59_743.jpg,/Users/morpheus/Desktop/bp3/IMG/left_2017_04_08_23_26_59_743.jpg,/Users/morpheus/Desktop/bp3/IMG/right_2017_04_08_23_26_59_743.jpg,0,1,0,30.19032
/Users/morpheus/Desktop/bp3/IMG/center_2017_04_08_23_26_59_824.jpg,/Users/morpheus/Desktop/bp3/IMG/left_2017_04_08_23_26_59_824.jpg,/Users/morpheus/Desktop/bp3/IMG/right_2017_04_08_23_26_59_824.jpg,0,1,0,30.19028
/Users/morpheus/Desktop/bp3/IMG/center_2017_04_08_23_26_59_906.jpg,/Users/morpheus/Desktop/bp3/IMG/left_2017_04_08_23_26_59_906.jpg,/Users/morpheus/Desktop/bp3/IMG/right_2017_04_08_23_26_59_906.jpg,0,1,0,30.19028
/Users/morpheus/Desktop/bp3/IMG/center_2017_04_08_23_26_59_980.jpg,/Users/morpheus/Desktop/bp3/IMG/left_2017_04_08_23_26_59_980.jpg,/Users/morpheus/Desktop/bp3/IMG/right_2017_04_08_23_26_59_980.jpg,0,1,0,30.19026
/Users/morpheus/Desktop/bp3/IMG/center_2017_04_08_23_27_00_054.jpg,/Users/morpheus/Desktop/bp3/IMG/left_2017_04_08_23_27_00_054.jpg,/Users/morpheus/Desktop/bp3/IMG/right_2017_04_08_23_27_00_054.jpg,0,1,0,30.19028
/Users/morpheus/Desktop/bp3/IMG/center_2017_04_08_23_27_00_135.jpg,/Users/morpheus/Desktop/bp3/IMG/left_2017_04_08_23_27_00_135.jpg,/Users/morpheus/Desktop/bp3/IMG/right_2017_04_08_23_27_00_135.jpg,0,1,0,30.19026
/Users/morpheus/Desktop/bp3/IMG/center_2017_04_08_23_27_00_213.jpg,/Users/morpheus/Desktop/bp3/IMG/left_2017_04_08_23_27_00_213.jpg,/Users/morpheus/Desktop/bp3/IMG/right_2017_04_08_23_27_00_213.jpg,0,1,0,30.19049
/Users/morpheus/Desktop/bp3/IMG/center_2017_04_08_23_27_00_294.jpg,/Users/morpheus/Desktop/bp3/IMG/left_2017_04_08_23_27_00_294.jpg,/Users/morpheus/Desktop/bp3/IMG/right_2017_04_08_23_27_00_294.jpg,0,1,0,30.19038
/Users/morpheus/Desktop/bp3/IMG/center_2017_04_08_23_27_00_364.jpg,/Users/morpheus/Desktop/bp3/IMG/left_2017_04_08_23_27_00_364.jpg,/Users/morpheus/Desktop/bp3/IMG/right_2017_04_08_23_27_00_364.jpg,0,1,0,30.18975
/Users/morpheus/Desktop/bp3/IMG/center_2017_04_08_23_27_00_435.jpg,/Users/morpheus/Desktop/bp3/IMG/left_2017_04_08_23_27_00_435.jpg,/Users/morpheus/Desktop/bp3/IMG/right_2017_04_08_23_27_00_435.jpg,0,1,0,30.19068
/Users/morpheus/Desktop/bp3/IMG/center_2017_04_08_23_27_00_511.jpg,/Users/morpheus/Desktop/bp3/IMG/left_2017_04_08_23_27_00_511.jpg,/Users/morpheus/Desktop/bp3/IMG/right_2017_04_08_23_27_00_511.jpg,0,1,0,30.19051
/Users/morpheus/Desktop/bp3/IMG/center_2017_04_08_23_27_00_587.jpg,/Users/morpheus/Desktop/bp3/IMG/left_2017_04_08_23_27_00_587.jpg,/Users/morpheus/Desktop/bp3/IMG/right_2017_04_08_23_27_00_587.jpg,0,1,0,30.19048
/Users/morpheus/Desktop/bp3/IMG/center_2017_04_08_23_27_00_656.jpg,/Users/morpheus/Desktop/bp3/IMG/left_2017_04_08_23_27_00_656.jpg,/Users/morpheus/Desktop/bp3/IMG/right_2017_04_08_23_27_00_656.jpg,0,1,0,30.19047
/Users/morpheus/Desktop/bp3/IMG/center_2017_04_08_23_27_00_728.jpg,/Users/morpheus/Desktop/bp3/IMG/left_2017_04_08_23_27_00_728.jpg,/Users/morpheus/Desktop/bp3/IMG/right_2017_04_08_23_27_00_728.jpg,0,1,0,30.19044
/Users/morpheus/Desktop/bp3/IMG/center_2017_04_08_23_27_00_804.jpg,/Users/morpheus/Desktop/bp3/IMG/left_2017_04_08_23_27_00_804.jpg,/Users/morpheus/Desktop/bp3/IMG/right_2017_04_08_23_27_00_804.jpg,0,1,0,30.19046
/Users/morpheus/Desktop/bp3/IMG/center_2017_04_08_23_27_00_879.jpg,/Users/morpheus/Desktop/bp3/IMG/left_2017_04_08_23_27_00_879.jpg,/Users/morpheus/Desktop/bp3/IMG/right_2017_04_08_23_27_00_879.jpg,0,1,0,30.19048
/Users/morpheus/Desktop/bp3/IMG/center_2017_04_08_23_27_00_951.jpg,/Users/morpheus/Desktop/bp3/IMG/left_2017_04_08_23_27_00_951.jpg,/Users/morpheus/Desktop/bp3/IMG/right_2017_04_08_23_27_00_951.jpg,0,1,0,30.19048
/Users/morpheus/Desktop/bp3/IMG/center_2017_04_08_23_27_01_028.jpg,/Users/morpheus/Desktop/bp3/IMG/left_2017_04_08_23_27_01_028.jpg,/Users/morpheus/Desktop/bp3/IMG/right_2017_04_08_23_27_01_028.jpg,0,0.847441,0,30.14707
/Users/morpheus/Desktop/bp3/IMG/center_2017_04_08_23_27_01_100.jpg,/Users/morpheus/Desktop/bp3/IMG/left_2017_04_08_23_27_01_100.jpg,/Users/morpheus/Desktop/bp3/IMG/right_2017_04_08_23_27_01_100.jpg,0,0.6299319,0,30.11106
/Users/morpheus/Desktop/bp3/IMG/center_2017_04_08_23_27_01_177.jpg,/Users/morpheus/Desktop/bp3/IMG/left_2017_04_08_23_27_01_177.jpg,/Users/morpheus/Desktop/bp3/IMG/right_2017_04_08_23_27_01_177.jpg,0,0.397789,0,30.04904
/Users/morpheus/Desktop/bp3/IMG/center_2017_04_08_23_27_01_248.jpg,/Users/morpheus/Desktop/bp3/IMG/left_2017_04_08_23_27_01_248.jpg,/Users/morpheus/Desktop/bp3/IMG/right_2017_04_08_23_27_01_248.jpg,0,0.1874319,0,30.00167
/Users/morpheus/Desktop/bp3/IMG/center_2017_04_08_23_27_01_322.jpg,/Users/morpheus/Desktop/bp3/IMG/left_2017_04_08_23_27_01_322.jpg,/Users/morpheus/Desktop/bp3/IMG/right_2017_04_08_23_27_01_322.jpg,0,0,0,29.88669
/Users/morpheus/Desktop/bp3/IMG/center_2017_04_08_23_27_01_396.jpg,/Users/morpheus/Desktop/bp3/IMG/left_2017_04_08_23_27_01_396.jpg,/Users/morpheus/Desktop/bp3/IMG/right_2017_04_08_23_27_01_396.jpg,0,0,0,29.64535
/Users/morpheus/Desktop/bp3/IMG/center_2017_04_08_23_27_01_467.jpg,/Users/morpheus/Desktop/bp3/IMG/left_2017_04_08_23_27_01_467.jpg,/Users/morpheus/Desktop/bp3/IMG/right_2017_04_08_23_27_01_467.jpg,0,0,0,29.40697
/Users/morpheus/Desktop/bp3/IMG/center_2017_04_08_23_27_01_555.jpg,/Users/morpheus/Desktop/bp3/IMG/left_2017_04_08_23_27_01_555.jpg,/Users/morpheus/Desktop/bp3/IMG/right_2017_04_08_23_27_01_555.jpg,0,0,0,29.17049
/Users/morpheus/Desktop/bp3/IMG/center_2017_04_08_23_27_01_623.jpg,/Users/morpheus/Desktop/bp3/IMG/left_2017_04_08_23_27_01_623.jpg,/Users/morpheus/Desktop/bp3/IMG/right_2017_04_08_23_27_01_623.jpg,0,0,0,28.99438
/Users/morpheus/Desktop/bp3/IMG/center_2017_04_08_23_27_01_695.jpg,/Users/morpheus/Desktop/bp3/IMG/left_2017_04_08_23_27_01_695.jpg,/Users/morpheus/Desktop/bp3/IMG/right_2017_04_08_23_27_01_695.jpg,0,0.07651806,0,28.76127
/Users/morpheus/Desktop/bp3/IMG/center_2017_04_08_23_27_01_768.jpg,/Users/morpheus/Desktop/bp3/IMG/left_2017_04_08_23_27_01_768.jpg,/Users/morpheus/Desktop/bp3/IMG/right_2017_04_08_23_27_01_768.jpg,0,0.2978731,0,28.70956
/Users/morpheus/Desktop/bp3/IMG/center_2017_04_08_23_27_01_850.jpg,/Users/morpheus/Desktop/bp3/IMG/left_2017_04_08_23_27_01_850.jpg,/Users/morpheus/Desktop/bp3/IMG/right_2017_04_08_23_27_01_850.jpg,0,0.542976,0,28.91057
/Users/morpheus/Desktop/bp3/IMG/center_2017_04_08_23_27_01_926.jpg,/Users/morpheus/Desktop/bp3/IMG/left_2017_04_08_23_27_01_926.jpg,/Users/morpheus/Desktop/bp3/IMG/right_2017_04_08_23_27_01_926.jpg,-0.15,0.7686721,0,29.3231
/Users/morpheus/Desktop/bp3/IMG/center_2017_04_08_23_27_02_012.jpg,/Users/morpheus/Desktop/bp3/IMG/left_2017_04_08_23_27_02_012.jpg,/Users/morpheus/Desktop/bp3/IMG/right_2017_04_08_23_27_02_012.jpg,-0.35,1,0,29.88196
/Users/morpheus/Desktop/bp3/IMG/center_2017_04_08_23_27_02_087.jpg,/Users/morpheus/Desktop/bp3/IMG/left_2017_04_08_23_27_02_087.jpg,/Users/morpheus/Desktop/bp3/IMG/right_2017_04_08_23_27_02_087.jpg,-0.3266548,1,0,30.18022
/Users/morpheus/Desktop/bp3/IMG/center_2017_04_08_23_27_02_160.jpg,/Users/morpheus/Desktop/bp3/IMG/left_2017_04_08_23_27_02_160.jpg,/Users/morpheus/Desktop/bp3/IMG/right_2017_04_08_23_27_02_160.jpg,-0.1056658,1,0,30.19181
/Users/morpheus/Desktop/bp3/IMG/center_2017_04_08_23_27_02_237.jpg,/Users/morpheus/Desktop/bp3/IMG/left_2017_04_08_23_27_02_237.jpg,/Users/morpheus/Desktop/bp3/IMG/right_2017_04_08_23_27_02_237.jpg,0,1,0,30.18774
/Users/morpheus/Desktop/bp3/IMG/center_2017_04_08_23_27_02_313.jpg,/Users/morpheus/Desktop/bp3/IMG/left_2017_04_08_23_27_02_313.jpg,/Users/morpheus/Desktop/bp3/IMG/right_2017_04_08_23_27_02_313.jpg,0,1,0,30.18991
/Users/morpheus/Desktop/bp3/IMG/center_2017_04_08_23_27_02_388.jpg,/Users/morpheus/Desktop/bp3/IMG/left_2017_04_08_23_27_02_388.jpg,/Users/morpheus/Desktop/bp3/IMG/right_2017_04_08_23_27_02_388.jpg,0,1,0,30.19025
/Users/morpheus/Desktop/bp3/IMG/center_2017_04_08_23_27_02_460.jpg,/Users/morpheus/Desktop/bp3/IMG/left_2017_04_08_23_27_02_460.jpg,/Users/morpheus/Desktop/bp3/IMG/right_2017_04_08_23_27_02_460.jpg,0,1,0,30.19028
/Users/morpheus/Desktop/bp3/IMG/center_2017_04_08_23_27_02_533.jpg,/Users/morpheus/Desktop/bp3/IMG/left_2017_04_08_23_27_02_533.jpg,/Users/morpheus/Desktop/bp3/IMG/right_2017_04_08_23_27_02_533.jpg,0,1,0,30.19031
/Users/morpheus/Desktop/bp3/IMG/center_2017_04_08_23_27_02_607.jpg,/Users/morpheus/Desktop/bp3/IMG/left_2017_04_08_23_27_02_607.jpg,/Users/morpheus/Desktop/bp3/IMG/right_2017_04_08_23_27_02_607.jpg,0,1,0,30.1903
/Users/morpheus/Desktop/bp3/IMG/center_2017_04_08_23_27_02_689.jpg,/Users/morpheus/Desktop/bp3/IMG/left_2017_04_08_23_27_02_689.jpg,/Users/morpheus/Desktop/bp3/IMG/right_2017_04_08_23_27_02_689.jpg,0,1,0,30.1902
/Users/morpheus/Desktop/bp3/IMG/center_2017_04_08_23_27_02_766.jpg,/Users/morpheus/Desktop/bp3/IMG/left_2017_04_08_23_27_02_766.jpg,/Users/morpheus/Desktop/bp3/IMG/right_2017_04_08_23_27_02_766.jpg,0.15,1,0,30.1842
/Users/morpheus/Desktop/bp3/IMG/center_2017_04_08_23_27_02_844.jpg,/Users/morpheus/Desktop/bp3/IMG/left_2017_04_08_23_27_02_844.jpg,/Users/morpheus/Desktop/bp3/IMG/right_2017_04_08_23_27_02_844.jpg,0.09435296,1,0,30.18987
/Users/morpheus/Desktop/bp3/IMG/center_2017_04_08_23_27_02_917.jpg,/Users/morpheus/Desktop/bp3/IMG/left_2017_04_08_23_27_02_917.jpg,/Users/morpheus/Desktop/bp3/IMG/right_2017_04_08_23_27_02_917.jpg,0,1,0,30.18995
/Users/morpheus/Desktop/bp3/IMG/center_2017_04_08_23_27_02_986.jpg,/Users/morpheus/Desktop/bp3/IMG/left_2017_04_08_23_27_02_986.jpg,/Users/morpheus/Desktop/bp3/IMG/right_2017_04_08_23_27_02_986.jpg,0,1,0,30.19023
/Users/morpheus/Desktop/bp3/IMG/center_2017_04_08_23_27_03_054.jpg,/Users/morpheus/Desktop/bp3/IMG/left_2017_04_08_23_27_03_054.jpg,/Users/morpheus/Desktop/bp3/IMG/right_2017_04_08_23_27_03_054.jpg,0,1,0,30.19027
/Users/morpheus/Desktop/bp3/IMG/center_2017_04_08_23_27_03_125.jpg,/Users/morpheus/Desktop/bp3/IMG/left_2017_04_08_23_27_03_125.jpg,/Users/morpheus/Desktop/bp3/IMG/right_2017_04_08_23_27_03_125.jpg,-0.1,1,0,30.18716
/Users/morpheus/Desktop/bp3/IMG/center_2017_04_08_23_27_03_198.jpg,/Users/morpheus/Desktop/bp3/IMG/left_2017_04_08_23_27_03_198.jpg,/Users/morpheus/Desktop/bp3/IMG/right_2017_04_08_23_27_03_198.jpg,-0.25,1,0,30.17407
/Users/morpheus/Desktop/bp3/IMG/center_2017_04_08_23_27_03_266.jpg,/Users/morpheus/Desktop/bp3/IMG/left_2017_04_08_23_27_03_266.jpg,/Users/morpheus/Desktop/bp3/IMG/right_2017_04_08_23_27_03_266.jpg,-0.45,1,0,30.15092
/Users/morpheus/Desktop/bp3/IMG/center_2017_04_08_23_27_03_334.jpg,/Users/morpheus/Desktop/bp3/IMG/left_2017_04_08_23_27_03_334.jpg,/Users/morpheus/Desktop/bp3/IMG/right_2017_04_08_23_27_03_334.jpg,-0.2875739,1,0,30.18597
/Users/morpheus/Desktop/bp3/IMG/center_2017_04_08_23_27_03_419.jpg,/Users/morpheus/Desktop/bp3/IMG/left_2017_04_08_23_27_03_419.jpg,/Users/morpheus/Desktop/bp3/IMG/right_2017_04_08_23_27_03_419.jpg,-0.03317088,1,0,30.18889
/Users/morpheus/Desktop/bp3/IMG/center_2017_04_08_23_27_03_505.jpg,/Users/morpheus/Desktop/bp3/IMG/left_2017_04_08_23_27_03_505.jpg,/Users/morpheus/Desktop/bp3/IMG/right_2017_04_08_23_27_03_505.jpg,0,1,0,30.1895
/Users/morpheus/Desktop/bp3/IMG/center_2017_04_08_23_27_03_576.jpg,/Users/morpheus/Desktop/bp3/IMG/left_2017_04_08_23_27_03_576.jpg,/Users/morpheus/Desktop/bp3/IMG/right_2017_04_08_23_27_03_576.jpg,0,1,0,30.19009
/Users/morpheus/Desktop/bp3/IMG/center_2017_04_08_23_27_03_663.jpg,/Users/morpheus/Desktop/bp3/IMG/left_2017_04_08_23_27_03_663.jpg,/Users/morpheus/Desktop/bp3/IMG/right_2017_04_08_23_27_03_663.jpg,0,1,0,30.19028
/Users/morpheus/Desktop/bp3/IMG/center_2017_04_08_23_27_03_736.jpg,/Users/morpheus/Desktop/bp3/IMG/left_2017_04_08_23_27_03_736.jpg,/Users/morpheus/Desktop/bp3/IMG/right_2017_04_08_23_27_03_736.jpg,0,1,0,30.19031
/Users/morpheus/Desktop/bp3/IMG/center_2017_04_08_23_27_03_809.jpg,/Users/morpheus/Desktop/bp3/IMG/left_2017_04_08_23_27_03_809.jpg,/Users/morpheus/Desktop/bp3/IMG/right_2017_04_08_23_27_03_809.jpg,0,1,0,30.19031
/Users/morpheus/Desktop/bp3/IMG/center_2017_04_08_23_27_03_896.jpg,/Users/morpheus/Desktop/bp3/IMG/left_2017_04_08_23_27_03_896.jpg,/Users/morpheus/Desktop/bp3/IMG/right_2017_04_08_23_27_03_896.jpg,0,1,0,30.19025
/Users/morpheus/Desktop/bp3/IMG/center_2017_04_08_23_27_03_967.jpg,/Users/morpheus/Desktop/bp3/IMG/left_2017_04_08_23_27_03_967.jpg,/Users/morpheus/Desktop/bp3/IMG/right_2017_04_08_23_27_03_967.jpg,0,1,0,30.1903
/Users/morpheus/Desktop/bp3/IMG/center_2017_04_08_23_27_04_034.jpg,/Users/morpheus/Desktop/bp3/IMG/left_2017_04_08_23_27_04_034.jpg,/Users/morpheus/Desktop/bp3/IMG/right_2017_04_08_23_27_04_034.jpg,0,1,0,30.19027
/Users/morpheus/Desktop/bp3/IMG/center_2017_04_08_23_27_04_119.jpg,/Users/morpheus/Desktop/bp3/IMG/left_2017_04_08_23_27_04_119.jpg,/Users/morpheus/Desktop/bp3/IMG/right_2017_04_08_23_27_04_119.jpg,0,1,0,30.19029
/Users/morpheus/Desktop/bp3/IMG/center_2017_04_08_23_27_04_201.jpg,/Users/morpheus/Desktop/bp3/IMG/left_2017_04_08_23_27_04_201.jpg,/Users/morpheus/Desktop/bp3/IMG/right_2017_04_08_23_27_04_201.jpg,0,1,0,30.1903
/Users/morpheus/Desktop/bp3/IMG/center_2017_04_08_23_27_04_292.jpg,/Users/morpheus/Desktop/bp3/IMG/left_2017_04_08_23_27_04_292.jpg,/Users/morpheus/Desktop/bp3/IMG/right_2017_04_08_23_27_04_292.jpg,0,1,0,30.19011
/Users/morpheus/Desktop/bp3/IMG/center_2017_04_08_23_27_04_359.jpg,/Users/morpheus/Desktop/bp3/IMG/left_2017_04_08_23_27_04_359.jpg,/Users/morpheus/Desktop/bp3/IMG/right_2017_04_08_23_27_04_359.jpg,0,1,0,30.19013
/Users/morpheus/Desktop/bp3/IMG/center_2017_04_08_23_27_04_452.jpg,/Users/morpheus/Desktop/bp3/IMG/left_2017_04_08_23_27_04_452.jpg,/Users/morpheus/Desktop/bp3/IMG/right_2017_04_08_23_27_04_452.jpg,0,1,0,30.19014
/Users/morpheus/Desktop/bp3/IMG/center_2017_04_08_23_27_04_523.jpg,/Users/morpheus/Desktop/bp3/IMG/left_2017_04_08_23_27_04_523.jpg,/Users/morpheus/Desktop/bp3/IMG/right_2017_04_08_23_27_04_523.jpg,0,1,0,30.19009
/Users/morpheus/Desktop/bp3/IMG/center_2017_04_08_23_27_04_594.jpg,/Users/morpheus/Desktop/bp3/IMG/left_2017_04_08_23_27_04_594.jpg,/Users/morpheus/Desktop/bp3/IMG/right_2017_04_08_23_27_04_594.jpg,0,1,0,30.19007
/Users/morpheus/Desktop/bp3/IMG/center_2017_04_08_23_27_04_685.jpg,/Users/morpheus/Desktop/bp3/IMG/left_2017_04_08_23_27_04_685.jpg,/Users/morpheus/Desktop/bp3/IMG/right_2017_04_08_23_27_04_685.jpg,0,1,0,30.19016
/Users/morpheus/Desktop/bp3/IMG/center_2017_04_08_23_27_04_755.jpg,/Users/morpheus/Desktop/bp3/IMG/left_2017_04_08_23_27_04_755.jpg,/Users/morpheus/Desktop/bp3/IMG/right_2017_04_08_23_27_04_755.jpg,0,1,0,30.19017
/Users/morpheus/Desktop/bp3/IMG/center_2017_04_08_23_27_04_827.jpg,/Users/morpheus/Desktop/bp3/IMG/left_2017_04_08_23_27_04_827.jpg,/Users/morpheus/Desktop/bp3/IMG/right_2017_04_08_23_27_04_827.jpg,0,1,0,30.19015
/Users/morpheus/Desktop/bp3/IMG/center_2017_04_08_23_27_04_899.jpg,/Users/morpheus/Desktop/bp3/IMG/left_2017_04_08_23_27_04_899.jpg,/Users/morpheus/Desktop/bp3/IMG/right_2017_04_08_23_27_04_899.jpg,0,1,0,30.19016
/Users/morpheus/Desktop/bp3/IMG/center_2017_04_08_23_27_04_968.jpg,/Users/morpheus/Desktop/bp3/IMG/left_2017_04_08_23_27_04_968.jpg,/Users/morpheus/Desktop/bp3/IMG/right_2017_04_08_23_27_04_968.jpg,0,1,0,30.19082
/Users/morpheus/Desktop/bp3/IMG/center_2017_04_08_23_27_05_055.jpg,/Users/morpheus/Desktop/bp3/IMG/left_2017_04_08_23_27_05_055.jpg,/Users/morpheus/Desktop/bp3/IMG/right_2017_04_08_23_27_05_055.jpg,0,1,0,30.19043
/Users/morpheus/Desktop/bp3/IMG/center_2017_04_08_23_27_05_142.jpg,/Users/morpheus/Desktop/bp3/IMG/left_2017_04_08_23_27_05_142.jpg,/Users/morpheus/Desktop/bp3/IMG/right_2017_04_08_23_27_05_142.jpg,0,1,0,30.19029
/Users/morpheus/Desktop/bp3/IMG/center_2017_04_08_23_27_05_230.jpg,/Users/morpheus/Desktop/bp3/IMG/left_2017_04_08_23_27_05_230.jpg,/Users/morpheus/Desktop/bp3/IMG/right_2017_04_08_23_27_05_230.jpg,0,1,0,30.19069
/Users/morpheus/Desktop/bp3/IMG/center_2017_04_08_23_27_05_306.jpg,/Users/morpheus/Desktop/bp3/IMG/left_2017_04_08_23_27_05_306.jpg,/Users/morpheus/Desktop/bp3/IMG/right_2017_04_08_23_27_05_306.jpg,0,1,0,30.19051
/Users/morpheus/Desktop/bp3/IMG/center_2017_04_08_23_27_05_390.jpg,/Users/morpheus/Desktop/bp3/IMG/left_2017_04_08_23_27_05_390.jpg,/Users/morpheus/Desktop/bp3/IMG/right_2017_04_08_23_27_05_390.jpg,0,1,0,30.19043
/Users/morpheus/Desktop/bp3/IMG/center_2017_04_08_23_27_05_471.jpg,/Users/morpheus/Desktop/bp3/IMG/left_2017_04_08_23_27_05_471.jpg,/Users/morpheus/Desktop/bp3/IMG/right_2017_04_08_23_27_05_471.jpg,0,1,0,30.19085
/Users/morpheus/Desktop/bp3/IMG/center_2017_04_08_23_27_05_557.jpg,/Users/morpheus/Desktop/bp3/IMG/left_2017_04_08_23_27_05_557.jpg,/Users/morpheus/Desktop/bp3/IMG/right_2017_04_08_23_27_05_557.jpg,0,1,0,30.19017
/Users/morpheus/Desktop/bp3/IMG/center_2017_04_08_23_27_05_640.jpg,/Users/morpheus/Desktop/bp3/IMG/left_2017_04_08_23_27_05_640.jpg,/Users/morpheus/Desktop/bp3/IMG/right_2017_04_08_23_27_05_640.jpg,0,1,0,30.19035
/Users/morpheus/Desktop/bp3/IMG/center_2017_04_08_23_27_05_709.jpg,/Users/morpheus/Desktop/bp3/IMG/left_2017_04_08_23_27_05_709.jpg,/Users/morpheus/Desktop/bp3/IMG/right_2017_04_08_23_27_05_709.jpg,0,1,0,30.19015
/Users/morpheus/Desktop/bp3/IMG/center_2017_04_08_23_27_05_875.jpg,/Users/morpheus/Desktop/bp3/IMG/left_2017_04_08_23_27_05_875.jpg,/Users/morpheus/Desktop/bp3/IMG/right_2017_04_08_23_27_05_875.jpg,-0.25,1,0,30.17472
/Users/morpheus/Desktop/bp3/IMG/center_2017_04_08_23_27_05_959.jpg,/Users/morpheus/Desktop/bp3/IMG/left_2017_04_08_23_27_05_959.jpg,/Users/morpheus/Desktop/bp3/IMG/right_2017_04_08_23_27_05_959.jpg,-0.1717978,1,0,30.18858
/Users/morpheus/Desktop/bp3/IMG/center_2017_04_08_23_27_06_033.jpg,/Users/morpheus/Desktop/bp3/IMG/left_2017_04_08_23_27_06_033.jpg,/Users/morpheus/Desktop/bp3/IMG/right_2017_04_08_23_27_06_033.jpg,0,1,0,30.18839
/Users/morpheus/Desktop/bp3/IMG/center_2017_04_08_23_27_06_110.jpg,/Users/morpheus/Desktop/bp3/IMG/left_2017_04_08_23_27_06_110.jpg,/Users/morpheus/Desktop/bp3/IMG/right_2017_04_08_23_27_06_110.jpg,0,1,0,30.18996
/Users/morpheus/Desktop/bp3/IMG/center_2017_04_08_23_27_06_187.jpg,/Users/morpheus/Desktop/bp3/IMG/left_2017_04_08_23_27_06_187.jpg,/Users/morpheus/Desktop/bp3/IMG/right_2017_04_08_23_27_06_187.jpg,0,1,0,30.19014
/Users/morpheus/Desktop/bp3/IMG/center_2017_04_08_23_27_06_266.jpg,/Users/morpheus/Desktop/bp3/IMG/left_2017_04_08_23_27_06_266.jpg,/Users/morpheus/Desktop/bp3/IMG/right_2017_04_08_23_27_06_266.jpg,0,1,0,30.19027
/Users/morpheus/Desktop/bp3/IMG/center_2017_04_08_23_27_06_348.jpg,/Users/morpheus/Desktop/bp3/IMG/left_2017_04_08_23_27_06_348.jpg,/Users/morpheus/Desktop/bp3/IMG/right_2017_04_08_23_27_06_348.jpg,0,1,0,30.19032
/Users/morpheus/Desktop/bp3/IMG/center_2017_04_08_23_27_06_428.jpg,/Users/morpheus/Desktop/bp3/IMG/left_2017_04_08_23_27_06_428.jpg,/Users/morpheus/Desktop/bp3/IMG/right_2017_04_08_23_27_06_428.jpg,0,1,0,30.19028
/Users/morpheus/Desktop/bp3/IMG/center_2017_04_08_23_27_06_511.jpg,/Users/morpheus/Desktop/bp3/IMG/left_2017_04_08_23_27_06_511.jpg,/Users/morpheus/Desktop/bp3/IMG/right_2017_04_08_23_27_06_511.jpg,0,1,0,30.19025
/Users/morpheus/Desktop/bp3/IMG/center_2017_04_08_23_27_06_592.jpg,/Users/morpheus/Desktop/bp3/IMG/left_2017_04_08_23_27_06_592.jpg,/Users/morpheus/Desktop/bp3/IMG/right_2017_04_08_23_27_06_592.jpg,-0.05,1,0,30.18968
/Users/morpheus/Desktop/bp3/IMG/center_2017_04_08_23_27_06_670.jpg,/Users/morpheus/Desktop/bp3/IMG/left_2017_04_08_23_27_06_670.jpg,/Users/morpheus/Desktop/bp3/IMG/right_2017_04_08_23_27_06_670.jpg,-0.25,1,0,30.17477
/Users/morpheus/Desktop/bp3/IMG/center_2017_04_08_23_27_06_751.jpg,/Users/morpheus/Desktop/bp3/IMG/left_2017_04_08_23_27_06_751.jpg,/Users/morpheus/Desktop/bp3/IMG/right_2017_04_08_23_27_06_751.jpg,-0.05183995,1,0,30.19075
/Users/morpheus/Desktop/bp3/IMG/center_2017_04_08_23_27_06_829.jpg,/Users/morpheus/Desktop/bp3/IMG/left_2017_04_08_23_27_06_829.jpg,/Users/morpheus/Desktop/bp3/IMG/right_2017_04_08_23_27_06_829.jpg,0,1,0,30.18985
/Users/morpheus/Desktop/bp3/IMG/center_2017_04_08_23_27_06_906.jpg,/Users/morpheus/Desktop/bp3/IMG/left_2017_04_08_23_27_06_906.jpg,/Users/morpheus/Desktop/bp3/IMG/right_2017_04_08_23_27_06_906.jpg,0,1,0,30.19021
/Users/morpheus/Desktop/bp3/IMG/center_2017_04_08_23_27_06_979.jpg,/Users/morpheus/Desktop/bp3/IMG/left_2017_04_08_23_27_06_979.jpg,/Users/morpheus/Desktop/bp3/IMG/right_2017_04_08_23_27_06_979.jpg,0,1,0,30.18997
/Users/morpheus/Desktop/bp3/IMG/center_2017_04_08_23_27_07_054.jpg,/Users/morpheus/Desktop/bp3/IMG/left_2017_04_08_23_27_07_054.jpg,/Users/morpheus/Desktop/bp3/IMG/right_2017_04_08_23_27_07_054.jpg,-0.15,1,0,30.18496
/Users/morpheus/Desktop/bp3/IMG/center_2017_04_08_23_27_07_128.jpg,/Users/morpheus/Desktop/bp3/IMG/left_2017_04_08_23_27_07_128.jpg,/Users/morpheus/Desktop/bp3/IMG/right_2017_04_08_23_27_07_128.jpg,-0.35,1,0,30.16424
/Users/morpheus/Desktop/bp3/IMG/center_2017_04_08_23_27_07_207.jpg,/Users/morpheus/Desktop/bp3/IMG/left_2017_04_08_23_27_07_207.jpg,/Users/morpheus/Desktop/bp3/IMG/right_2017_04_08_23_27_07_207.jpg,-0.2724568,1,0,30.186
/Users/morpheus/Desktop/bp3/IMG/center_2017_04_08_23_27_07_285.jpg,/Users/morpheus/Desktop/bp3/IMG/left_2017_04_08_23_27_07_285.jpg,/Users/morpheus/Desktop/bp3/IMG/right_2017_04_08_23_27_07_285.jpg,-0.03721476,1,0,30.18974
/Users/morpheus/Desktop/bp3/IMG/center_2017_04_08_23_27_07_361.jpg,/Users/morpheus/Desktop/bp3/IMG/left_2017_04_08_23_27_07_361.jpg,/Users/morpheus/Desktop/bp3/IMG/right_2017_04_08_23_27_07_361.jpg,0,1,0,30.18887
/Users/morpheus/Desktop/bp3/IMG/center_2017_04_08_23_27_07_440.jpg,/Users/morpheus/Desktop/bp3/IMG/left_2017_04_08_23_27_07_440.jpg,/Users/morpheus/Desktop/bp3/IMG/right_2017_04_08_23_27_07_440.jpg,0,1,0,30.19005
/Users/morpheus/Desktop/bp3/IMG/center_2017_04_08_23_27_07_518.jpg,/Users/morpheus/Desktop/bp3/IMG/left_2017_04_08_23_27_07_518.jpg,/Users/morpheus/Desktop/bp3/IMG/right_2017_04_08_23_27_07_518.jpg,0,1,0,30.19024
/Users/morpheus/Desktop/bp3/IMG/center_2017_04_08_23_27_07_586.jpg,/Users/morpheus/Desktop/bp3/IMG/left_2017_04_08_23_27_07_586.jpg,/Users/morpheus/Desktop/bp3/IMG/right_2017_04_08_23_27_07_586.jpg,0,1,0,30.19033
/Users/morpheus/Desktop/bp3/IMG/center_2017_04_08_23_27_07_664.jpg,/Users/morpheus/Desktop/bp3/IMG/left_2017_04_08_23_27_07_664.jpg,/Users/morpheus/Desktop/bp3/IMG/right_2017_04_08_23_27_07_664.jpg,0,1,0,30.19033
/Users/morpheus/Desktop/bp3/IMG/center_2017_04_08_23_27_07_752.jpg,/Users/morpheus/Desktop/bp3/IMG/left_2017_04_08_23_27_07_752.jpg,/Users/morpheus/Desktop/bp3/IMG/right_2017_04_08_23_27_07_752.jpg,0,1,0,30.19027
/Users/morpheus/Desktop/bp3/IMG/center_2017_04_08_23_27_07_826.jpg,/Users/morpheus/Desktop/bp3/IMG/left_2017_04_08_23_27_07_826.jpg,/Users/morpheus/Desktop/bp3/IMG/right_2017_04_08_23_27_07_826.jpg,0,1,0,30.19035
/Users/morpheus/Desktop/bp3/IMG/center_2017_04_08_23_27_07_905.jpg,/Users/morpheus/Desktop/bp3/IMG/left_2017_04_08_23_27_07_905.jpg,/Users/morpheus/Desktop/bp3/IMG/right_2017_04_08_23_27_07_905.jpg,-0.15,1,0,30.18433
/Users/morpheus/Desktop/bp3/IMG/center_2017_04_08_23_27_07_982.jpg,/Users/morpheus/Desktop/bp3/IMG/left_2017_04_08_23_27_07_982.jpg,/Users/morpheus/Desktop/bp3/IMG/right_2017_04_08_23_27_07_982.jpg,-0.3,1,0,30.16916
/Users/morpheus/Desktop/bp3/IMG/center_2017_04_08_23_27_08_050.jpg,/Users/morpheus/Desktop/bp3/IMG/left_2017_04_08_23_27_08_050.jpg,/Users/morpheus/Desktop/bp3/IMG/right_2017_04_08_23_27_08_050.jpg,-0.210552,1,0,30.18744
/Users/morpheus/Desktop/bp3/IMG/center_2017_04_08_23_27_08_121.jpg,/Users/morpheus/Desktop/bp3/IMG/left_2017_04_08_23_27_08_121.jpg,/Users/morpheus/Desktop/bp3/IMG/right_2017_04_08_23_27_08_121.jpg,0,1,0,30.18908
/Users/morpheus/Desktop/bp3/IMG/center_2017_04_08_23_27_08_193.jpg,/Users/morpheus/Desktop/bp3/IMG/left_2017_04_08_23_27_08_193.jpg,/Users/morpheus/Desktop/bp3/IMG/right_2017_04_08_23_27_08_193.jpg,0,1,0,30.18967
/Users/morpheus/Desktop/bp3/IMG/center_2017_04_08_23_27_08_259.jpg,/Users/morpheus/Desktop/bp3/IMG/left_2017_04_08_23_27_08_259.jpg,/Users/morpheus/Desktop/bp3/IMG/right_2017_04_08_23_27_08_259.jpg,0,1,0,30.19005
/Users/morpheus/Desktop/bp3/IMG/center_2017_04_08_23_27_08_329.jpg,/Users/morpheus/Desktop/bp3/IMG/left_2017_04_08_23_27_08_329.jpg,/Users/morpheus/Desktop/bp3/IMG/right_2017_04_08_23_27_08_329.jpg,0,1,0,30.19025
/Users/morpheus/Desktop/bp3/IMG/center_2017_04_08_23_27_08_403.jpg,/Users/morpheus/Desktop/bp3/IMG/left_2017_04_08_23_27_08_403.jpg,/Users/morpheus/Desktop/bp3/IMG/right_2017_04_08_23_27_08_403.jpg,0,1,0,30.19025
/Users/morpheus/Desktop/bp3/IMG/center_2017_04_08_23_27_08_484.jpg,/Users/morpheus/Desktop/bp3/IMG/left_2017_04_08_23_27_08_484.jpg,/Users/morpheus/Desktop/bp3/IMG/right_2017_04_08_23_27_08_484.jpg,0,1,0,30.1903
/Users/morpheus/Desktop/bp3/IMG/center_2017_04_08_23_27_08_566.jpg,/Users/morpheus/Desktop/bp3/IMG/left_2017_04_08_23_27_08_566.jpg,/Users/morpheus/Desktop/bp3/IMG/right_2017_04_08_23_27_08_566.jpg,0,1,0,30.19029
/Users/morpheus/Desktop/bp3/IMG/center_2017_04_08_23_27_08_646.jpg,/Users/morpheus/Desktop/bp3/IMG/left_2017_04_08_23_27_08_646.jpg,/Users/morpheus/Desktop/bp3/IMG/right_2017_04_08_23_27_08_646.jpg,0,1,0,30.19018
/Users/morpheus/Desktop/bp3/IMG/center_2017_04_08_23_27_08_727.jpg,/Users/morpheus/Desktop/bp3/IMG/left_2017_04_08_23_27_08_727.jpg,/Users/morpheus/Desktop/bp3/IMG/right_2017_04_08_23_27_08_727.jpg,0,1,0,30.18961
/Users/morpheus/Desktop/bp3/IMG/center_2017_04_08_23_27_08_810.jpg,/Users/morpheus/Desktop/bp3/IMG/left_2017_04_08_23_27_08_810.jpg,/Users/morpheus/Desktop/bp3/IMG/right_2017_04_08_23_27_08_810.jpg,0,1,0,30.19094
/Users/morpheus/Desktop/bp3/IMG/center_2017_04_08_23_27_08_879.jpg,/Users/morpheus/Desktop/bp3/IMG/left_2017_04_08_23_27_08_879.jpg,/Users/morpheus/Desktop/bp3/IMG/right_2017_04_08_23_27_08_879.jpg,0,1,0,30.19015
/Users/morpheus/Desktop/bp3/IMG/center_2017_04_08_23_27_08_961.jpg,/Users/morpheus/Desktop/bp3/IMG/left_2017_04_08_23_27_08_961.jpg,/Users/morpheus/Desktop/bp3/IMG/right_2017_04_08_23_27_08_961.jpg,-0.05,1,0,30.19013
/Users/morpheus/Desktop/bp3/IMG/center_2017_04_08_23_27_09_041.jpg,/Users/morpheus/Desktop/bp3/IMG/left_2017_04_08_23_27_09_041.jpg,/Users/morpheus/Desktop/bp3/IMG/right_2017_04_08_23_27_09_041.jpg,-0.25,1,0,30.17536
/Users/morpheus/Desktop/bp3/IMG/center_2017_04_08_23_27_09_120.jpg,/Users/morpheus/Desktop/bp3/IMG/left_2017_04_08_23_27_09_120.jpg,/Users/morpheus/Desktop/bp3/IMG/right_2017_04_08_23_27_09_120.jpg,-0.1472279,1,0,30.18912
/Users/morpheus/Desktop/bp3/IMG/center_2017_04_08_23_27_09_196.jpg,/Users/morpheus/Desktop/bp3/IMG/left_2017_04_08_23_27_09_196.jpg,/Users/morpheus/Desktop/bp3/IMG/right_2017_04_08_23_27_09_196.jpg,0,1,0,30.18934
/Users/morpheus/Desktop/bp3/IMG/center_2017_04_08_23_27_09_274.jpg,/Users/morpheus/Desktop/bp3/IMG/left_2017_04_08_23_27_09_274.jpg,/Users/morpheus/Desktop/bp3/IMG/right_2017_04_08_23_27_09_274.jpg,0,1,0,30.19007
/Users/morpheus/Desktop/bp3/IMG/center_2017_04_08_23_27_09_355.jpg,/Users/morpheus/Desktop/bp3/IMG/left_2017_04_08_23_27_09_355.jpg,/Users/morpheus/Desktop/bp3/IMG/right_2017_04_08_23_27_09_355.jpg,0,1,0,30.19025
/Users/morpheus/Desktop/bp3/IMG/center_2017_04_08_23_27_09_434.jpg,/Users/morpheus/Desktop/bp3/IMG/left_2017_04_08_23_27_09_434.jpg,/Users/morpheus/Desktop/bp3/IMG/right_2017_04_08_23_27_09_434.jpg,0,1,0,30.19028
/Users/morpheus/Desktop/bp3/IMG/center_2017_04_08_23_27_09_513.jpg,/Users/morpheus/Desktop/bp3/IMG/left_2017_04_08_23_27_09_513.jpg,/Users/morpheus/Desktop/bp3/IMG/right_2017_04_08_23_27_09_513.jpg,0,1,0,30.19025
/Users/morpheus/Desktop/bp3/IMG/center_2017_04_08_23_27_09_588.jpg,/Users/morpheus/Desktop/bp3/IMG/left_2017_04_08_23_27_09_588.jpg,/Users/morpheus/Desktop/bp3/IMG/right_2017_04_08_23_27_09_588.jpg,0,1,0,30.19029
/Users/morpheus/Desktop/bp3/IMG/center_2017_04_08_23_27_09_661.jpg,/Users/morpheus/Desktop/bp3/IMG/left_2017_04_08_23_27_09_661.jpg,/Users/morpheus/Desktop/bp3/IMG/right_2017_04_08_23_27_09_661.jpg,-0.05,1,0,30.18973
/Users/morpheus/Desktop/bp3/IMG/center_2017_04_08_23_27_09_733.jpg,/Users/morpheus/Desktop/bp3/IMG/left_2017_04_08_23_27_09_733.jpg,/Users/morpheus/Desktop/bp3/IMG/right_2017_04_08_23_27_09_733.jpg,-0.25,1,0,30.17531
/Users/morpheus/Desktop/bp3/IMG/center_2017_04_08_23_27_09_805.jpg,/Users/morpheus/Desktop/bp3/IMG/left_2017_04_08_23_27_09_805.jpg,/Users/morpheus/Desktop/bp3/IMG/right_2017_04_08_23_27_09_805.jpg,-0.2606342,1,0,30.18237
/Users/morpheus/Desktop/bp3/IMG/center_2017_04_08_23_27_09_878.jpg,/Users/morpheus/Desktop/bp3/IMG/left_2017_04_08_23_27_09_878.jpg,/Users/morpheus/Desktop/bp3/IMG/right_2017_04_08_23_27_09_878.jpg,-0.04189807,1,0,30.19043
/Users/morpheus/Desktop/bp3/IMG/center_2017_04_08_23_27_09_951.jpg,/Users/morpheus/Desktop/bp3/IMG/left_2017_04_08_23_27_09_951.jpg,/Users/morpheus/Desktop/bp3/IMG/right_2017_04_08_23_27_09_951.jpg,0,1,0,30.18937
/Users/morpheus/Desktop/bp3/IMG/center_2017_04_08_23_27_10_024.jpg,/Users/morpheus/Desktop/bp3/IMG/left_2017_04_08_23_27_10_024.jpg,/Users/morpheus/Desktop/bp3/IMG/right_2017_04_08_23_27_10_024.jpg,0,1,0,30.19014
/Users/morpheus/Desktop/bp3/IMG/center_2017_04_08_23_27_10_098.jpg,/Users/morpheus/Desktop/bp3/IMG/left_2017_04_08_23_27_10_098.jpg,/Users/morpheus/Desktop/bp3/IMG/right_2017_04_08_23_27_10_098.jpg,-0.05,1,0,30.19005
/Users/morpheus/Desktop/bp3/IMG/center_2017_04_08_23_27_10_173.jpg,/Users/morpheus/Desktop/bp3/IMG/left_2017_04_08_23_27_10_173.jpg,/Users/morpheus/Desktop/bp3/IMG/right_2017_04_08_23_27_10_173.jpg,-0.25,1,0,30.1764
/Users/morpheus/Desktop/bp3/IMG/center_2017_04_08_23_27_10_250.jpg,/Users/morpheus/Desktop/bp3/IMG/left_2017_04_08_23_27_10_250.jpg,/Users/morpheus/Desktop/bp3/IMG/right_2017_04_08_23_27_10_250.jpg,-0.4085278,1,0,30.15963
/Users/morpheus/Desktop/bp3/IMG/center_2017_04_08_23_27_10_332.jpg,/Users/morpheus/Desktop/bp3/IMG/left_2017_04_08_23_27_10_332.jpg,/Users/morpheus/Desktop/bp3/IMG/right_2017_04_08_23_27_10_332.jpg,-0.1624439,1,0,30.19198
/Users/morpheus/Desktop/bp3/IMG/center_2017_04_08_23_27_10_416.jpg,/Users/morpheus/Desktop/bp3/IMG/left_2017_04_08_23_27_10_416.jpg,/Users/morpheus/Desktop/bp3/IMG/right_2017_04_08_23_27_10_416.jpg,0,1,0,30.18847
/Users/morpheus/Desktop/bp3/IMG/center_2017_04_08_23_27_10_486.jpg,/Users/morpheus/Desktop/bp3/IMG/left_2017_04_08_23_27_10_486.jpg,/Users/morpheus/Desktop/bp3/IMG/right_2017_04_08_23_27_10_486.jpg,0,1,0,30.18991
/Users/morpheus/Desktop/bp3/IMG/center_2017_04_08_23_27_10_557.jpg,/Users/morpheus/Desktop/bp3/IMG/left_2017_04_08_23_27_10_557.jpg,/Users/morpheus/Desktop/bp3/IMG/right_2017_04_08_23_27_10_557.jpg,0,1,0,30.19016
/Users/morpheus/Desktop/bp3/IMG/center_2017_04_08_23_27_10_627.jpg,/Users/morpheus/Desktop/bp3/IMG/left_2017_04_08_23_27_10_627.jpg,/Users/morpheus/Desktop/bp3/IMG/right_2017_04_08_23_27_10_627.jpg,0,1,0,30.19029
/Users/morpheus/Desktop/bp3/IMG/center_2017_04_08_23_27_10_697.jpg,/Users/morpheus/Desktop/bp3/IMG/left_2017_04_08_23_27_10_697.jpg,/Users/morpheus/Desktop/bp3/IMG/right_2017_04_08_23_27_10_697.jpg,0,1,0,30.19027
/Users/morpheus/Desktop/bp3/IMG/center_2017_04_08_23_27_10_765.jpg,/Users/morpheus/Desktop/bp3/IMG/left_2017_04_08_23_27_10_765.jpg,/Users/morpheus/Desktop/bp3/IMG/right_2017_04_08_23_27_10_765.jpg,0,1,0,30.19028
/Users/morpheus/Desktop/bp3/IMG/center_2017_04_08_23_27_10_841.jpg,/Users/morpheus/Desktop/bp3/IMG/left_2017_04_08_23_27_10_841.jpg,/Users/morpheus/Desktop/bp3/IMG/right_2017_04_08_23_27_10_841.jpg,-0.15,1,0,30.18442
/Users/morpheus/Desktop/bp3/IMG/center_2017_04_08_23_27_10_922.jpg,/Users/morpheus/Desktop/bp3/IMG/left_2017_04_08_23_27_10_922.jpg,/Users/morpheus/Desktop/bp3/IMG/right_2017_04_08_23_27_10_922.jpg,-0.35,1,0,30.16362
/Users/morpheus/Desktop/bp3/IMG/center_2017_04_08_23_27_10_995.jpg,/Users/morpheus/Desktop/bp3/IMG/left_2017_04_08_23_27_10_995.jpg,/Users/morpheus/Desktop/bp3/IMG/right_2017_04_08_23_27_10_995.jpg,-0.5500001,1,0,30.13908
/Users/morpheus/Desktop/bp3/IMG/center_2017_04_08_23_27_11_071.jpg,/Users/morpheus/Desktop/bp3/IMG/left_2017_04_08_23_27_11_071.jpg,/Users/morpheus/Desktop/bp3/IMG/right_2017_04_08_23_27_11_071.jpg,-0.4102051,1,0,30.18243
/Users/morpheus/Desktop/bp3/IMG/center_2017_04_08_23_27_11_156.jpg,/Users/morpheus/Desktop/bp3/IMG/left_2017_04_08_23_27_11_156.jpg,/Users/morpheus/Desktop/bp3/IMG/right_2017_04_08_23_27_11_156.jpg,-0.1547161,1,0,30.19416
/Users/morpheus/Desktop/bp3/IMG/center_2017_04_08_23_27_11_229.jpg,/Users/morpheus/Desktop/bp3/IMG/left_2017_04_08_23_27_11_229.jpg,/Users/morpheus/Desktop/bp3/IMG/right_2017_04_08_23_27_11_229.jpg,0,1,0,30.18622
/Users/morpheus/Desktop/bp3/IMG/center_2017_04_08_23_27_11_310.jpg,/Users/morpheus/Desktop/bp3/IMG/left_2017_04_08_23_27_11_310.jpg,/Users/morpheus/Desktop/bp3/IMG/right_2017_04_08_23_27_11_310.jpg,-0.2,1,0,30.18782
/Users/morpheus/Desktop/bp3/IMG/center_2017_04_08_23_27_11_408.jpg,/Users/morpheus/Desktop/bp3/IMG/left_2017_04_08_23_27_11_408.jpg,/Users/morpheus/Desktop/bp3/IMG/right_2017_04_08_23_27_11_408.jpg,-0.08979589,1,0,30.19134
/Users/morpheus/Desktop/bp3/IMG/center_2017_04_08_23_27_11_479.jpg,/Users/morpheus/Desktop/bp3/IMG/left_2017_04_08_23_27_11_479.jpg,/Users/morpheus/Desktop/bp3/IMG/right_2017_04_08_23_27_11_479.jpg,0,1,0,30.18946
/Users/morpheus/Desktop/bp3/IMG/center_2017_04_08_23_27_11_556.jpg,/Users/morpheus/Desktop/bp3/IMG/left_2017_04_08_23_27_11_556.jpg,/Users/morpheus/Desktop/bp3/IMG/right_2017_04_08_23_27_11_556.jpg,0,1,0,30.19013
/Users/morpheus/Desktop/bp3/IMG/center_2017_04_08_23_27_11_636.jpg,/Users/morpheus/Desktop/bp3/IMG/left_2017_04_08_23_27_11_636.jpg,/Users/morpheus/Desktop/bp3/IMG/right_2017_04_08_23_27_11_636.jpg,0.1,1,0,30.18696
/Users/morpheus/Desktop/bp3/IMG/center_2017_04_08_23_27_11_715.jpg,/Users/morpheus/Desktop/bp3/IMG/left_2017_04_08_23_27_11_715.jpg,/Users/morpheus/Desktop/bp3/IMG/right_2017_04_08_23_27_11_715.jpg,0.3,1,0,30.16783
/Users/morpheus/Desktop/bp3/IMG/center_2017_04_08_23_27_11_791.jpg,/Users/morpheus/Desktop/bp3/IMG/left_2017_04_08_23_27_11_791.jpg,/Users/morpheus/Desktop/bp3/IMG/right_2017_04_08_23_27_11_791.jpg,0.3308758,1,0,30.17489
/Users/morpheus/Desktop/bp3/IMG/center_2017_04_08_23_27_11_875.jpg,/Users/morpheus/Desktop/bp3/IMG/left_2017_04_08_23_27_11_875.jpg,/Users/morpheus/Desktop/bp3/IMG/right_2017_04_08_23_27_11_875.jpg,0.07982683,1,0,30.19052
/Users/morpheus/Desktop/bp3/IMG/center_2017_04_08_23_27_11_963.jpg,/Users/morpheus/Desktop/bp3/IMG/left_2017_04_08_23_27_11_963.jpg,/Users/morpheus/Desktop/bp3/IMG/right_2017_04_08_23_27_11_963.jpg,0,1,0,30.18875
/Users/morpheus/Desktop/bp3/IMG/center_2017_04_08_23_27_12_044.jpg,/Users/morpheus/Desktop/bp3/IMG/left_2017_04_08_23_27_12_044.jpg,/Users/morpheus/Desktop/bp3/IMG/right_2017_04_08_23_27_12_044.jpg,-0.15,1,0,30.18045
/Users/morpheus/Desktop/bp3/IMG/center_2017_04_08_23_27_12_115.jpg,/Users/morpheus/Desktop/bp3/IMG/left_2017_04_08_23_27_12_115.jpg,/Users/morpheus/Desktop/bp3/IMG/right_2017_04_08_23_27_12_115.jpg,-0.3,1,0,30.16537
/Users/morpheus/Desktop/bp3/IMG/center_2017_04_08_23_27_12_206.jpg,/Users/morpheus/Desktop/bp3/IMG/left_2017_04_08_23_27_12_206.jpg,/Users/morpheus/Desktop/bp3/IMG/right_2017_04_08_23_27_12_206.jpg,-0.2108912,1,0,30.18897
/Users/morpheus/Desktop/bp3/IMG/center_2017_04_08_23_27_12_275.jpg,/Users/morpheus/Desktop/bp3/IMG/left_2017_04_08_23_27_12_275.jpg,/Users/morpheus/Desktop/bp3/IMG/right_2017_04_08_23_27_12_275.jpg,-0.0041821,1,0,30.18657
/Users/morpheus/Desktop/bp3/IMG/center_2017_04_08_23_27_12_350.jpg,/Users/morpheus/Desktop/bp3/IMG/left_2017_04_08_23_27_12_350.jpg,/Users/morpheus/Desktop/bp3/IMG/right_2017_04_08_23_27_12_350.jpg,0,1,0,30.18959
/Users/morpheus/Desktop/bp3/IMG/center_2017_04_08_23_27_12_426.jpg,/Users/morpheus/Desktop/bp3/IMG/left_2017_04_08_23_27_12_426.jpg,/Users/morpheus/Desktop/bp3/IMG/right_2017_04_08_23_27_12_426.jpg,0,1,0,30.19013
/Users/morpheus/Desktop/bp3/IMG/center_2017_04_08_23_27_12_503.jpg,/Users/morpheus/Desktop/bp3/IMG/left_2017_04_08_23_27_12_503.jpg,/Users/morpheus/Desktop/bp3/IMG/right_2017_04_08_23_27_12_503.jpg,0,1,0,30.19025
/Users/morpheus/Desktop/bp3/IMG/center_2017_04_08_23_27_12_578.jpg,/Users/morpheus/Desktop/bp3/IMG/left_2017_04_08_23_27_12_578.jpg,/Users/morpheus/Desktop/bp3/IMG/right_2017_04_08_23_27_12_578.jpg,0,1,0,30.19026
/Users/morpheus/Desktop/bp3/IMG/center_2017_04_08_23_27_12_648.jpg,/Users/morpheus/Desktop/bp3/IMG/left_2017_04_08_23_27_12_648.jpg,/Users/morpheus/Desktop/bp3/IMG/right_2017_04_08_23_27_12_648.jpg,-0.2,1,0,30.18047
/Users/morpheus/Desktop/bp3/IMG/center_2017_04_08_23_27_12_722.jpg,/Users/morpheus/Desktop/bp3/IMG/left_2017_04_08_23_27_12_722.jpg,/Users/morpheus/Desktop/bp3/IMG/right_2017_04_08_23_27_12_722.jpg,-0.35,1,0,30.16404
/Users/morpheus/Desktop/bp3/IMG/center_2017_04_08_23_27_12_794.jpg,/Users/morpheus/Desktop/bp3/IMG/left_2017_04_08_23_27_12_794.jpg,/Users/morpheus/Desktop/bp3/IMG/right_2017_04_08_23_27_12_794.jpg,-0.1781039,1,0,30.19
/Users/morpheus/Desktop/bp3/IMG/center_2017_04_08_23_27_12_871.jpg,/Users/morpheus/Desktop/bp3/IMG/left_2017_04_08_23_27_12_871.jpg,/Users/morpheus/Desktop/bp3/IMG/right_2017_04_08_23_27_12_871.jpg,0,1,0,30.18744
/Users/morpheus/Desktop/bp3/IMG/center_2017_04_08_23_27_12_943.jpg,/Users/morpheus/Desktop/bp3/IMG/left_2017_04_08_23_27_12_943.jpg,/Users/morpheus/Desktop/bp3/IMG/right_2017_04_08_23_27_12_943.jpg,0,1,0,30.1897
/Users/morpheus/Desktop/bp3/IMG/center_2017_04_08_23_27_13_010.jpg,/Users/morpheus/Desktop/bp3/IMG/left_2017_04_08_23_27_13_010.jpg,/Users/morpheus/Desktop/bp3/IMG/right_2017_04_08_23_27_13_010.jpg,0,1,0,30.19077
/Users/morpheus/Desktop/bp3/IMG/center_2017_04_08_23_27_13_088.jpg,/Users/morpheus/Desktop/bp3/IMG/left_2017_04_08_23_27_13_088.jpg,/Users/morpheus/Desktop/bp3/IMG/right_2017_04_08_23_27_13_088.jpg,-0.2,1,0,30.18134
/Users/morpheus/Desktop/bp3/IMG/center_2017_04_08_23_27_13_161.jpg,/Users/morpheus/Desktop/bp3/IMG/left_2017_04_08_23_27_13_161.jpg,/Users/morpheus/Desktop/bp3/IMG/right_2017_04_08_23_27_13_161.jpg,-0.35,1,0,30.1652
/Users/morpheus/Desktop/bp3/IMG/center_2017_04_08_23_27_13_235.jpg,/Users/morpheus/Desktop/bp3/IMG/left_2017_04_08_23_27_13_235.jpg,/Users/morpheus/Desktop/bp3/IMG/right_2017_04_08_23_27_13_235.jpg,-0.5806561,1,0,30.13667
/Users/morpheus/Desktop/bp3/IMG/center_2017_04_08_23_27_13_314.jpg,/Users/morpheus/Desktop/bp3/IMG/left_2017_04_08_23_27_13_314.jpg,/Users/morpheus/Desktop/bp3/IMG/right_2017_04_08_23_27_13_314.jpg,-0.3435751,1,0,30.18877
/Users/morpheus/Desktop/bp3/IMG/center_2017_04_08_23_27_13_392.jpg,/Users/morpheus/Desktop/bp3/IMG/left_2017_04_08_23_27_13_392.jpg,/Users/morpheus/Desktop/bp3/IMG/right_2017_04_08_23_27_13_392.jpg,-0.1089451,1,0,30.19212
/Users/morpheus/Desktop/bp3/IMG/center_2017_04_08_23_27_13_469.jpg,/Users/morpheus/Desktop/bp3/IMG/left_2017_04_08_23_27_13_469.jpg,/Users/morpheus/Desktop/bp3/IMG/right_2017_04_08_23_27_13_469.jpg,0,1,0,30.18824
/Users/morpheus/Desktop/bp3/IMG/center_2017_04_08_23_27_13_541.jpg,/Users/morpheus/Desktop/bp3/IMG/left_2017_04_08_23_27_13_541.jpg,/Users/morpheus/Desktop/bp3/IMG/right_2017_04_08_23_27_13_541.jpg,0,1,0,30.1899
/Users/morpheus/Desktop/bp3/IMG/center_2017_04_08_23_27_13_608.jpg,/Users/morpheus/Desktop/bp3/IMG/left_2017_04_08_23_27_13_608.jpg,/Users/morpheus/Desktop/bp3/IMG/right_2017_04_08_23_27_13_608.jpg,0,1,0,30.19049
/Users/morpheus/Desktop/bp3/IMG/center_2017_04_08_23_27_13_676.jpg,/Users/morpheus/Desktop/bp3/IMG/left_2017_04_08_23_27_13_676.jpg,/Users/morpheus/Desktop/bp3/IMG/right_2017_04_08_23_27_13_676.jpg,0,1,0,30.19006
/Users/morpheus/Desktop/bp3/IMG/center_2017_04_08_23_27_13_743.jpg,/Users/morpheus/Desktop/bp3/IMG/left_2017_04_08_23_27_13_743.jpg,/Users/morpheus/Desktop/bp3/IMG/right_2017_04_08_23_27_13_743.jpg,0,1,0,30.19018
/Users/morpheus/Desktop/bp3/IMG/center_2017_04_08_23_27_13_814.jpg,/Users/morpheus/Desktop/bp3/IMG/left_2017_04_08_23_27_13_814.jpg,/Users/morpheus/Desktop/bp3/IMG/right_2017_04_08_23_27_13_814.jpg,-0.15,1,0,30.18507
/Users/morpheus/Desktop/bp3/IMG/center_2017_04_08_23_27_13_885.jpg,/Users/morpheus/Desktop/bp3/IMG/left_2017_04_08_23_27_13_885.jpg,/Users/morpheus/Desktop/bp3/IMG/right_2017_04_08_23_27_13_885.jpg,-0.35,1,0,30.1642
/Users/morpheus/Desktop/bp3/IMG/center_2017_04_08_23_27_13_960.jpg,/Users/morpheus/Desktop/bp3/IMG/left_2017_04_08_23_27_13_960.jpg,/Users/morpheus/Desktop/bp3/IMG/right_2017_04_08_23_27_13_960.jpg,-0.4259339,1,0,30.16028
/Users/morpheus/Desktop/bp3/IMG/center_2017_04_08_23_27_14_035.jpg,/Users/morpheus/Desktop/bp3/IMG/left_2017_04_08_23_27_14_035.jpg,/Users/morpheus/Desktop/bp3/IMG/right_2017_04_08_23_27_14_035.jpg,-0.151401,1,0,30.19335
/Users/morpheus/Desktop/bp3/IMG/center_2017_04_08_23_27_14_108.jpg,/Users/morpheus/Desktop/bp3/IMG/left_2017_04_08_23_27_14_108.jpg,/Users/morpheus/Desktop/bp3/IMG/right_2017_04_08_23_27_14_108.jpg,0,1,0,30.18728
/Users/morpheus/Desktop/bp3/IMG/center_2017_04_08_23_27_14_198.jpg,/Users/morpheus/Desktop/bp3/IMG/left_2017_04_08_23_27_14_198.jpg,/Users/morpheus/Desktop/bp3/IMG/right_2017_04_08_23_27_14_198.jpg,0,1,0,30.18983
/Users/morpheus/Desktop/bp3/IMG/center_2017_04_08_23_27_14_269.jpg,/Users/morpheus/Desktop/bp3/IMG/left_2017_04_08_23_27_14_269.jpg,/Users/morpheus/Desktop/bp3/IMG/right_2017_04_08_23_27_14_269.jpg,0,1,0,30.19025
/Users/morpheus/Desktop/bp3/IMG/center_2017_04_08_23_27_14_342.jpg,/Users/morpheus/Desktop/bp3/IMG/left_2017_04_08_23_27_14_342.jpg,/Users/morpheus/Desktop/bp3/IMG/right_2017_04_08_23_27_14_342.jpg,0,1,0,30.19043
/Users/morpheus/Desktop/bp3/IMG/center_2017_04_08_23_27_14_417.jpg,/Users/morpheus/Desktop/bp3/IMG/left_2017_04_08_23_27_14_417.jpg,/Users/morpheus/Desktop/bp3/IMG/right_2017_04_08_23_27_14_417.jpg,0,1,0,30.19026
/Users/morpheus/Desktop/bp3/IMG/center_2017_04_08_23_27_14_492.jpg,/Users/morpheus/Desktop/bp3/IMG/left_2017_04_08_23_27_14_492.jpg,/Users/morpheus/Desktop/bp3/IMG/right_2017_04_08_23_27_14_492.jpg,0,1,0,30.19031
/Users/morpheus/Desktop/bp3/IMG/center_2017_04_08_23_27_14_564.jpg,/Users/morpheus/Desktop/bp3/IMG/left_2017_04_08_23_27_14_564.jpg,/Users/morpheus/Desktop/bp3/IMG/right_2017_04_08_23_27_14_564.jpg,0,1,0,30.19007
/Users/morpheus/Desktop/bp3/IMG/center_2017_04_08_23_27_14_634.jpg,/Users/morpheus/Desktop/bp3/IMG/left_2017_04_08_23_27_14_634.jpg,/Users/morpheus/Desktop/bp3/IMG/right_2017_04_08_23_27_14_634.jpg,0,1,0,30.19031
/Users/morpheus/Desktop/bp3/IMG/center_2017_04_08_23_27_14_705.jpg,/Users/morpheus/Desktop/bp3/IMG/left_2017_04_08_23_27_14_705.jpg,/Users/morpheus/Desktop/bp3/IMG/right_2017_04_08_23_27_14_705.jpg,0,1,0,30.19031
/Users/morpheus/Desktop/bp3/IMG/center_2017_04_08_23_27_14_778.jpg,/Users/morpheus/Desktop/bp3/IMG/left_2017_04_08_23_27_14_778.jpg,/Users/morpheus/Desktop/bp3/IMG/right_2017_04_08_23_27_14_778.jpg,0,1,0,30.19028
/Users/morpheus/Desktop/bp3/IMG/center_2017_04_08_23_27_14_854.jpg,/Users/morpheus/Desktop/bp3/IMG/left_2017_04_08_23_27_14_854.jpg,/Users/morpheus/Desktop/bp3/IMG/right_2017_04_08_23_27_14_854.jpg,0,1,0,30.19031
/Users/morpheus/Desktop/bp3/IMG/center_2017_04_08_23_27_14_929.jpg,/Users/morpheus/Desktop/bp3/IMG/left_2017_04_08_23_27_14_929.jpg,/Users/morpheus/Desktop/bp3/IMG/right_2017_04_08_23_27_14_929.jpg,0,1,0,30.19029
/Users/morpheus/Desktop/bp3/IMG/center_2017_04_08_23_27_15_001.jpg,/Users/morpheus/Desktop/bp3/IMG/left_2017_04_08_23_27_15_001.jpg,/Users/morpheus/Desktop/bp3/IMG/right_2017_04_08_23_27_15_001.jpg,0,1,0,30.1903
/Users/morpheus/Desktop/bp3/IMG/center_2017_04_08_23_27_15_070.jpg,/Users/morpheus/Desktop/bp3/IMG/left_2017_04_08_23_27_15_070.jpg,/Users/morpheus/Desktop/bp3/IMG/right_2017_04_08_23_27_15_070.jpg,0,1,0,30.19063
/Users/morpheus/Desktop/bp3/IMG/center_2017_04_08_23_27_15_139.jpg,/Users/morpheus/Desktop/bp3/IMG/left_2017_04_08_23_27_15_139.jpg,/Users/morpheus/Desktop/bp3/IMG/right_2017_04_08_23_27_15_139.jpg,0,1,0,30.19025
/Users/morpheus/Desktop/bp3/IMG/center_2017_04_08_23_27_15_210.jpg,/Users/morpheus/Desktop/bp3/IMG/left_2017_04_08_23_27_15_210.jpg,/Users/morpheus/Desktop/bp3/IMG/right_2017_04_08_23_27_15_210.jpg,-0.2,1,0,30.17985
/Users/morpheus/Desktop/bp3/IMG/center_2017_04_08_23_27_15_282.jpg,/Users/morpheus/Desktop/bp3/IMG/left_2017_04_08_23_27_15_282.jpg,/Users/morpheus/Desktop/bp3/IMG/right_2017_04_08_23_27_15_282.jpg,-0.2638888,1,0,30.1752
/Users/morpheus/Desktop/bp3/IMG/center_2017_04_08_23_27_15_353.jpg,/Users/morpheus/Desktop/bp3/IMG/left_2017_04_08_23_27_15_353.jpg,/Users/morpheus/Desktop/bp3/IMG/right_2017_04_08_23_27_15_353.jpg,0,1,0,30.1893
/Users/morpheus/Desktop/bp3/IMG/center_2017_04_08_23_27_15_423.jpg,/Users/morpheus/Desktop/bp3/IMG/left_2017_04_08_23_27_15_423.jpg,/Users/morpheus/Desktop/bp3/IMG/right_2017_04_08_23_27_15_423.jpg,0,1,0,30.18968
/Users/morpheus/Desktop/bp3/IMG/center_2017_04_08_23_27_15_493.jpg,/Users/morpheus/Desktop/bp3/IMG/left_2017_04_08_23_27_15_493.jpg,/Users/morpheus/Desktop/bp3/IMG/right_2017_04_08_23_27_15_493.jpg,0,1,0,30.19019
/Users/morpheus/Desktop/bp3/IMG/center_2017_04_08_23_27_15_563.jpg,/Users/morpheus/Desktop/bp3/IMG/left_2017_04_08_23_27_15_563.jpg,/Users/morpheus/Desktop/bp3/IMG/right_2017_04_08_23_27_15_563.jpg,0,1,0,30.19026
/Users/morpheus/Desktop/bp3/IMG/center_2017_04_08_23_27_15_637.jpg,/Users/morpheus/Desktop/bp3/IMG/left_2017_04_08_23_27_15_637.jpg,/Users/morpheus/Desktop/bp3/IMG/right_2017_04_08_23_27_15_637.jpg,0,1,0,30.19031
/Users/morpheus/Desktop/bp3/IMG/center_2017_04_08_23_27_15_714.jpg,/Users/morpheus/Desktop/bp3/IMG/left_2017_04_08_23_27_15_714.jpg,/Users/morpheus/Desktop/bp3/IMG/right_2017_04_08_23_27_15_714.jpg,0,1,0,30.19032
/Users/morpheus/Desktop/bp3/IMG/center_2017_04_08_23_27_15_786.jpg,/Users/morpheus/Desktop/bp3/IMG/left_2017_04_08_23_27_15_786.jpg,/Users/morpheus/Desktop/bp3/IMG/right_2017_04_08_23_27_15_786.jpg,0,1,0,30.1903
/Users/morpheus/Desktop/bp3/IMG/center_2017_04_08_23_27_15_858.jpg,/Users/morpheus/Desktop/bp3/IMG/left_2017_04_08_23_27_15_858.jpg,/Users/morpheus/Desktop/bp3/IMG/right_2017_04_08_23_27_15_858.jpg,0,1,0,30.19034
/Users/morpheus/Desktop/bp3/IMG/center_2017_04_08_23_27_15_929.jpg,/Users/morpheus/Desktop/bp3/IMG/left_2017_04_08_23_27_15_929.jpg,/Users/morpheus/Desktop/bp3/IMG/right_2017_04_08_23_27_15_929.jpg,0,1,0,30.1903
/Users/morpheus/Desktop/bp3/IMG/center_2017_04_08_23_27_15_999.jpg,/Users/morpheus/Desktop/bp3/IMG/left_2017_04_08_23_27_15_999.jpg,/Users/morpheus/Desktop/bp3/IMG/right_2017_04_08_23_27_15_999.jpg,0,1,0,30.19032
/Users/morpheus/Desktop/bp3/IMG/center_2017_04_08_23_27_16_070.jpg,/Users/morpheus/Desktop/bp3/IMG/left_2017_04_08_23_27_16_070.jpg,/Users/morpheus/Desktop/bp3/IMG/right_2017_04_08_23_27_16_070.jpg,0,1,0,30.19036
/Users/morpheus/Desktop/bp3/IMG/center_2017_04_08_23_27_16_143.jpg,/Users/morpheus/Desktop/bp3/IMG/left_2017_04_08_23_27_16_143.jpg,/Users/morpheus/Desktop/bp3/IMG/right_2017_04_08_23_27_16_143.jpg,0,1,0,30.19028
/Users/morpheus/Desktop/bp3/IMG/center_2017_04_08_23_27_16_215.jpg,/Users/morpheus/Desktop/bp3/IMG/left_2017_04_08_23_27_16_215.jpg,/Users/morpheus/Desktop/bp3/IMG/right_2017_04_08_23_27_16_215.jpg,0,1,0,30.19031
/Users/morpheus/Desktop/bp3/IMG/center_2017_04_08_23_27_16_287.jpg,/Users/morpheus/Desktop/bp3/IMG/left_2017_04_08_23_27_16_287.jpg,/Users/morpheus/Desktop/bp3/IMG/right_2017_04_08_23_27_16_287.jpg,0,1,0,30.19033
/Users/morpheus/Desktop/bp3/IMG/center_2017_04_08_23_27_16_359.jpg,/Users/morpheus/Desktop/bp3/IMG/left_2017_04_08_23_27_16_359.jpg,/Users/morpheus/Desktop/bp3/IMG/right_2017_04_08_23_27_16_359.jpg,0,1,0,30.19027
/Users/morpheus/Desktop/bp3/IMG/center_2017_04_08_23_27_16_431.jpg,/Users/morpheus/Desktop/bp3/IMG/left_2017_04_08_23_27_16_431.jpg,/Users/morpheus/Desktop/bp3/IMG/right_2017_04_08_23_27_16_431.jpg,0,1,0,30.1903
/Users/morpheus/Desktop/bp3/IMG/center_2017_04_08_23_27_16_502.jpg,/Users/morpheus/Desktop/bp3/IMG/left_2017_04_08_23_27_16_502.jpg,/Users/morpheus/Desktop/bp3/IMG/right_2017_04_08_23_27_16_502.jpg,-0.05,1,0,30.18974
/Users/morpheus/Desktop/bp3/IMG/center_2017_04_08_23_27_16_572.jpg,/Users/morpheus/Desktop/bp3/IMG/left_2017_04_08_23_27_16_572.jpg,/Users/morpheus/Desktop/bp3/IMG/right_2017_04_08_23_27_16_572.jpg,-0.25,1,0,30.17475
/Users/morpheus/Desktop/bp3/IMG/center_2017_04_08_23_27_16_657.jpg,/Users/morpheus/Desktop/bp3/IMG/left_2017_04_08_23_27_16_657.jpg,/Users/morpheus/Desktop/bp3/IMG/right_2017_04_08_23_27_16_657.jpg,-0.06340206,1,0,30.19081
/Users/morpheus/Desktop/bp3/IMG/center_2017_04_08_23_27_16_732.jpg,/Users/morpheus/Desktop/bp3/IMG/left_2017_04_08_23_27_16_732.jpg,/Users/morpheus/Desktop/bp3/IMG/right_2017_04_08_23_27_16_732.jpg,0,1,0,30.18973
/Users/morpheus/Desktop/bp3/IMG/center_2017_04_08_23_27_16_813.jpg,/Users/morpheus/Desktop/bp3/IMG/left_2017_04_08_23_27_16_813.jpg,/Users/morpheus/Desktop/bp3/IMG/right_2017_04_08_23_27_16_813.jpg,0,1,0,30.19017
/Users/morpheus/Desktop/bp3/IMG/center_2017_04_08_23_27_16_886.jpg,/Users/morpheus/Desktop/bp3/IMG/left_2017_04_08_23_27_16_886.jpg,/Users/morpheus/Desktop/bp3/IMG/right_2017_04_08_23_27_16_886.jpg,0,1,0,30.19031
/Users/morpheus/Desktop/bp3/IMG/center_2017_04_08_23_27_16_958.jpg,/Users/morpheus/Desktop/bp3/IMG/left_2017_04_08_23_27_16_958.jpg,/Users/morpheus/Desktop/bp3/IMG/right_2017_04_08_23_27_16_958.jpg,0,1,0,30.19029
/Users/morpheus/Desktop/bp3/IMG/center_2017_04_08_23_27_17_028.jpg,/Users/morpheus/Desktop/bp3/IMG/left_2017_04_08_23_27_17_028.jpg,/Users/morpheus/Desktop/bp3/IMG/right_2017_04_08_23_27_17_028.jpg,0,1,0,30.19031
/Users/morpheus/Desktop/bp3/IMG/center_2017_04_08_23_27_17_096.jpg,/Users/morpheus/Desktop/bp3/IMG/left_2017_04_08_23_27_17_096.jpg,/Users/morpheus/Desktop/bp3/IMG/right_2017_04_08_23_27_17_096.jpg,-0.1,1,0,30.1878
/Users/morpheus/Desktop/bp3/IMG/center_2017_04_08_23_27_17_174.jpg,/Users/morpheus/Desktop/bp3/IMG/left_2017_04_08_23_27_17_174.jpg,/Users/morpheus/Desktop/bp3/IMG/right_2017_04_08_23_27_17_174.jpg,-0.3,1,0,30.16947
/Users/morpheus/Desktop/bp3/IMG/center_2017_04_08_23_27_17_252.jpg,/Users/morpheus/Desktop/bp3/IMG/left_2017_04_08_23_27_17_252.jpg,/Users/morpheus/Desktop/bp3/IMG/right_2017_04_08_23_27_17_252.jpg,-0.3383911,1,0,30.17505
/Users/morpheus/Desktop/bp3/IMG/center_2017_04_08_23_27_17_330.jpg,/Users/morpheus/Desktop/bp3/IMG/left_2017_04_08_23_27_17_330.jpg,/Users/morpheus/Desktop/bp3/IMG/right_2017_04_08_23_27_17_330.jpg,-0.1046791,1,0,30.19183
/Users/morpheus/Desktop/bp3/IMG/center_2017_04_08_23_27_17_409.jpg,/Users/morpheus/Desktop/bp3/IMG/left_2017_04_08_23_27_17_409.jpg,/Users/morpheus/Desktop/bp3/IMG/right_2017_04_08_23_27_17_409.jpg,0,1,0,30.18848
/Users/morpheus/Desktop/bp3/IMG/center_2017_04_08_23_27_17_489.jpg,/Users/morpheus/Desktop/bp3/IMG/left_2017_04_08_23_27_17_489.jpg,/Users/morpheus/Desktop/bp3/IMG/right_2017_04_08_23_27_17_489.jpg,0,1,0,30.19
/Users/morpheus/Desktop/bp3/IMG/center_2017_04_08_23_27_17_569.jpg,/Users/morpheus/Desktop/bp3/IMG/left_2017_04_08_23_27_17_569.jpg,/Users/morpheus/Desktop/bp3/IMG/right_2017_04_08_23_27_17_569.jpg,0,1,0,30.19028
/Users/morpheus/Desktop/bp3/IMG/center_2017_04_08_23_27_17_649.jpg,/Users/morpheus/Desktop/bp3/IMG/left_2017_04_08_23_27_17_649.jpg,/Users/morpheus/Desktop/bp3/IMG/right_2017_04_08_23_27_17_649.jpg,0,1,0,30.19036
/Users/morpheus/Desktop/bp3/IMG/center_2017_04_08_23_27_17_726.jpg,/Users/morpheus/Desktop/bp3/IMG/left_2017_04_08_23_27_17_726.jpg,/Users/morpheus/Desktop/bp3/IMG/right_2017_04_08_23_27_17_726.jpg,0,1,0,30.19029
/Users/morpheus/Desktop/bp3/IMG/center_2017_04_08_23_27_17_804.jpg,/Users/morpheus/Desktop/bp3/IMG/left_2017_04_08_23_27_17_804.jpg,/Users/morpheus/Desktop/bp3/IMG/right_2017_04_08_23_27_17_804.jpg,0,1,0,30.1903
/Users/morpheus/Desktop/bp3/IMG/center_2017_04_08_23_27_17_882.jpg,/Users/morpheus/Desktop/bp3/IMG/left_2017_04_08_23_27_17_882.jpg,/Users/morpheus/Desktop/bp3/IMG/right_2017_04_08_23_27_17_882.jpg,0,0.81181,0,30.15268
/Users/morpheus/Desktop/bp3/IMG/center_2017_04_08_23_27_17_960.jpg,/Users/morpheus/Desktop/bp3/IMG/left_2017_04_08_23_27_17_960.jpg,/Users/morpheus/Desktop/bp3/IMG/right_2017_04_08_23_27_17_960.jpg,0,0.57862,0,30.09175
/Users/morpheus/Desktop/bp3/IMG/center_2017_04_08_23_27_18_036.jpg,/Users/morpheus/Desktop/bp3/IMG/left_2017_04_08_23_27_18_036.jpg,/Users/morpheus/Desktop/bp3/IMG/right_2017_04_08_23_27_18_036.jpg,0,0.303688,0,30.03286
/Users/morpheus/Desktop/bp3/IMG/center_2017_04_08_23_27_18_113.jpg,/Users/morpheus/Desktop/bp3/IMG/left_2017_04_08_23_27_18_113.jpg,/Users/morpheus/Desktop/bp3/IMG/right_2017_04_08_23_27_18_113.jpg,0,0.07404995,0,29.94975
/Users/morpheus/Desktop/bp3/IMG/center_2017_04_08_23_27_18_189.jpg,/Users/morpheus/Desktop/bp3/IMG/left_2017_04_08_23_27_18_189.jpg,/Users/morpheus/Desktop/bp3/IMG/right_2017_04_08_23_27_18_189.jpg,0,0,0,29.72839
/Users/morpheus/Desktop/bp3/IMG/center_2017_04_08_23_27_18_269.jpg,/Users/morpheus/Desktop/bp3/IMG/left_2017_04_08_23_27_18_269.jpg,/Users/morpheus/Desktop/bp3/IMG/right_2017_04_08_23_27_18_269.jpg,0,0,0,29.48923
/Users/morpheus/Desktop/bp3/IMG/center_2017_04_08_23_27_18_349.jpg,/Users/morpheus/Desktop/bp3/IMG/left_2017_04_08_23_27_18_349.jpg,/Users/morpheus/Desktop/bp3/IMG/right_2017_04_08_23_27_18_349.jpg,0,0,0,29.2521
/Users/morpheus/Desktop/bp3/IMG/center_2017_04_08_23_27_18_419.jpg,/Users/morpheus/Desktop/bp3/IMG/left_2017_04_08_23_27_18_419.jpg,/Users/morpheus/Desktop/bp3/IMG/right_2017_04_08_23_27_18_419.jpg,0,0,0,29.07551
/Users/morpheus/Desktop/bp3/IMG/center_2017_04_08_23_27_18_490.jpg,/Users/morpheus/Desktop/bp3/IMG/left_2017_04_08_23_27_18_490.jpg,/Users/morpheus/Desktop/bp3/IMG/right_2017_04_08_23_27_18_490.jpg,0,0,0,28.84169
/Users/morpheus/Desktop/bp3/IMG/center_2017_04_08_23_27_18_566.jpg,/Users/morpheus/Desktop/bp3/IMG/left_2017_04_08_23_27_18_566.jpg,/Users/morpheus/Desktop/bp3/IMG/right_2017_04_08_23_27_18_566.jpg,0,0,0,28.60976
/Users/morpheus/Desktop/bp3/IMG/center_2017_04_08_23_27_18_640.jpg,/Users/morpheus/Desktop/bp3/IMG/left_2017_04_08_23_27_18_640.jpg,/Users/morpheus/Desktop/bp3/IMG/right_2017_04_08_23_27_18_640.jpg,0,0,0,28.43705
/Users/morpheus/Desktop/bp3/IMG/center_2017_04_08_23_27_18_716.jpg,/Users/morpheus/Desktop/bp3/IMG/left_2017_04_08_23_27_18_716.jpg,/Users/morpheus/Desktop/bp3/IMG/right_2017_04_08_23_27_18_716.jpg,0,0,0,28.20839
